sample,1180 Phenylalanine,2392 Loliolide,2568 Pheophorbide a,3603,3644,3860,3891,4025,4119,4228,4296,4403,4437,4488,4489,4504,4508,4509,4514 LysoPC(0:0/16:0),4571,4574,4575,4596,4609,4638,4668,4680,4689,4732,4733,4767,4904,4910,4926,4929,4934,4937,4938,4951,4952,4953,4968,4974,4980,4981,4986,4988,4997,4998,5069,5081,5174,5176,5184,5192,5235,5240,5244,5255,5257,5287,5288,5310,5421,5427,5467,5471,5472,5501,5507,5515,5520,5529,5593 Adenosine Monophosphate,5647,5695,5701,5746,5838,5846,5880,5892,5908,5910,5911,5922,5926,5927,5929,5931,5934,5935,6312,6315,6356,6360,6383,6387,6388,6393,6611,6778 18:1 Lyso PG,6867,6955,6956,6974,6983,7019 4(5)-EpDPE methyl ester,7020 4(5)-EpDPE methyl ester,7046 Flavine mononucleotide,7051,7055,7066,7080,7088,7117,7144,7163,7202,7206,7207,7208,7209,7211,7212,7214,7215,7216,7217,7222,7225,7226,7227,7230,7231,7233,7234,7253 Brefeldin A,7295 beta-Nicotinamide adenine dinucleotide,7322,7450,7718 beta-Nicotinamide adenine dinucleotide,8038,8248 4(5)-EpDPE methyl ester,8272,8278,8298,8306,8314,8317,8337,8340,8342,8352,8365,8372,8399,8405,8407,8430,8431,8438 16-Hydroxydehydroepiandrosterone,8514,8522,8533,8550,8564,8567,8572,8573,8577,8581,8593,8601,8609,8614,8615,8619,8623,8656,8661,8667,8672,8688,8690,8699,8715,8719,8720,8761,8784,8787,8797,8804,8809,8812,8813,8824,8848,8856,8934,9000,9001,9016,9018,9045,9077,9225,9227,9425,9465,9493,9522,9600,9739,9897
DOM_Pn delicatissima,-0.688821128,-1.136283499,-0.695992567,-0.214265132,-0.980421213,-0.624922383,-0.630686382,-0.896929732,-0.698831386,-0.677400815,-0.818377039,-1.021784991,-0.431442958,-0.847128099,-0.418065177,-0.577140395,-0.789757896,-0.720575184,-0.737588961,-0.72248286,-0.714779667,-0.655793039,-0.6985068,-0.780564503,-0.72670493,-0.814616848,-0.578631755,-0.679225409,-0.676216471,-0.63719718,-0.339237708,-0.672273969,-0.558292011,-0.720623753,-0.598017194,-0.591129484,-0.54342405,-0.945497126,-0.478117171,-0.736848034,-0.575939616,-0.751643194,-0.825283906,-0.835769542,-0.59513554,-0.744476124,-0.638252568,-0.562308984,-0.541743814,0.242757744,-0.835066359,-0.762400648,-0.809229454,-0.688870635,-0.625721905,-0.652876194,-0.638948711,-0.620220137,-0.751609428,-0.607094648,-0.670042664,-0.669214071,-0.534629041,-0.715694674,-0.555898525,-0.647541411,-0.576785553,-0.30452742,-0.652960311,-0.797189319,-0.669801071,-0.856207795,-0.634875947,-0.742527054,-1.02029956,-0.549730426,-0.531094258,0.318668012,-0.703514958,-0.909505071,-0.861855122,-0.628000833,-0.658268386,-0.671741542,-0.613094142,-0.417938651,-0.391967801,-0.654476405,-0.624114183,-0.599570097,-0.548011872,-0.630282367,-0.953045332,-1.017883635,-0.835916785,-0.824952548,-0.839151876,-0.591209867,-0.674887643,-0.807257453,-0.592381066,-0.91174456,-0.888276033,-0.735148828,-0.549446015,-0.403085611,-0.329237165,-0.973712435,-0.813440567,-1.05714073,-0.654051914,-0.700101735,-0.809194707,-0.58426393,-0.761904429,-0.774928813,-0.563242376,-0.861285278,-0.876939687,-0.929939049,-0.734895559,-0.750631583,-0.779503923,-0.729424212,-0.8370311,-0.663838972,-0.704337015,-0.798220941,-0.743715903,-0.651805298,-0.808016136,-0.766090032,-0.711842159,-0.707725478,-0.610251585,-0.691977747,-0.587682858,0.016223403,-0.825486755,1.688236776,-0.617672194,-0.836167001,-0.863408804,-1.078961816,-0.527600637,-0.700584191,-0.885524823,-0.744807002,-0.991045544,-0.887273502,-0.617982407,-0.523707359,-0.735820141,-0.785979368,-0.865261858,-1.000826338,-0.728500111,-0.681824567,-0.660025301,-0.666302954,-0.853946406,-0.620702674,-0.830350749,-0.702624583,-0.705420416,-0.576591061,-0.609215131,-0.672303672,-0.800679774,-0.644095008,-0.60675522,-0.845410519,-0.472869786,-0.521086991,-0.746597169,-0.710487377,-0.627931858,-0.593821452,-0.547987106,-0.830468891,-0.410630732,-0.523763631,-0.718396928,-0.444090337,-0.484772193,-0.619227283,-0.677131015,-0.618186569,-0.630518257,-0.570784161,-0.47539137,-0.515942649,-0.677214516,-0.764720487,-0.559369422,-0.617370544,-0.596556769,-0.587895575,-0.549915653,-0.647370132,-0.656172802,-0.72366658,-0.437992027,-0.661743131,-0.418376179,-0.6614446,-0.43723049,-0.479406419,-0.617502831,-0.703509547,-0.60195703,-0.558425376,-0.640952535,-0.569463581,-0.62466289,-0.659942515
WM_Pn delicatissima,1.041601086,0.409924812,0.220416757,-0.330229593,0.294303652,0.142846555,0.982374419,0.529344423,0.567267378,-0.221883873,-0.135593239,0.872078539,0.073450806,0.00858596,-0.013197856,0.716719005,0.126996787,0.128164774,0.096892889,0.72596041,0.295406835,0.743331955,-0.259038717,0.453553587,-0.175646574,-0.128559552,-0.232185028,-0.291790308,-0.377426746,-0.375682364,0.488416613,0.201698177,-0.041261644,0.259601943,0.051769277,-0.315575147,-0.345786046,1.319888186,0.008503143,0.551185035,-0.148297066,1.211328909,1.771249982,1.301386296,-0.085950555,0.929068001,0.093267728,-0.36092586,-0.393187982,-1.202237726,-0.371374668,0.166343037,-0.251953452,-0.148242061,-0.383703269,0.208082038,-0.263502228,-0.227895334,0.4027927,0.068926971,0.352008617,0.377618689,-0.320111152,-0.054419449,0.578666934,2.32187767,1.516842997,0.795932268,0.056486416,0.516365769,0.256512619,2.279690212,-0.177959262,0.3215411,0.173690983,-0.440960308,-0.232419233,-1.223345687,0.650899592,-0.18016732,1.454808013,0.055062744,0.297805737,0.206548898,0.298046103,-0.184772046,-0.068069968,0.859750477,0.125301517,0.081964686,-0.400262005,-0.199850052,1.453963039,0.156649286,0.426625014,0.510173519,0.3455697,0.003034226,-0.132219296,-0.258293435,-0.166493215,1.636648548,0.534089801,1.991280344,-0.239003636,-0.101952333,-0.042123523,0.222530741,0.229305338,0.695621355,0.776324877,1.285016285,0.284316049,-0.07002933,0.102783754,-0.022352192,0.276870395,1.354269828,1.066175545,0.774933716,-0.053464601,0.327174869,0.614927663,0.187741868,0.389745858,2.100790887,2.465208813,2.15610646,-0.025391785,1.02909159,0.841537322,-0.030956368,1.461458434,-0.014008996,0.114959712,0.180060485,3.21E-04,-1.208243041,-0.002823314,-0.483801406,-0.225321146,0.054489787,0.382649404,0.272997684,0.188020562,0.202074807,1.429218467,-0.171348726,0.017621162,1.305494125,1.100017726,-0.395428772,-0.352776489,0.182547101,0.272524682,0.855920945,-0.074670614,-0.056087669,0.171704876,-0.1118847,0.818714815,-0.230360703,0.358509795,0.203116816,-0.34478468,-0.105120311,-0.164921282,0.161371222,1.659806541,0.118725186,0.2340279,0.9939768,0.043670967,0.006128637,0.103621109,-0.127523493,0.247479339,0.090421207,-0.016179687,0.195921718,-0.382752495,-0.234680539,0.528732188,-0.412614754,-0.426840278,0.464198211,0.612586509,0.049674546,-0.070527365,-0.053126626,0.059592013,-0.306814344,-0.239900172,0.997966707,-0.302702259,0.153431329,-0.28046055,-0.289692595,1.115731912,0.150134368,0.08801985,-0.344212882,-0.422036379,0.555669183,-0.306279801,-0.165774412,-0.312441447,-0.372569604,0.240475518,-0.309467849,-0.217226012,0.063646154,-0.25097531,-0.327721566,-0.423060264,-0.354889269
DOM_Pn delicatissima,-1.280050291,-1.141401949,-0.868070337,-0.183098677,-0.915126383,-0.960791343,-0.454075797,-0.939833534,-0.765043642,-0.589357037,-0.818631942,-1.303037944,-1.130065943,-1.039811413,-1.142603341,-1.000364042,-0.841081719,-0.833676874,-0.816143592,-0.916184857,-0.759705597,-0.768534928,-0.767683391,-0.792200831,-0.828102272,-0.829888243,-0.631404904,-0.705759848,-0.676216471,-0.63719718,-0.837094833,-0.713412705,-0.576777181,-0.720623753,-0.598017194,-0.588320924,-0.613029724,-0.945497126,-0.473629543,-0.736848034,-0.562912947,-0.751643194,-0.825283906,-0.835769542,-0.59513554,-0.744476124,-0.638252568,-0.562308984,-0.541743814,0.529825156,-0.94438502,-0.851187478,-0.885020146,-0.734761411,-0.665011816,-0.667281561,-0.632695133,-0.598956637,-0.751609428,-0.607094648,-1.238164561,-0.689263425,-0.573410254,-0.883646067,-0.72557315,-0.641933573,-0.759664273,-0.855812002,-0.652960311,-0.797189319,-0.669801071,-0.810829364,-0.634875947,-0.941883151,-0.971807088,-0.545702935,-0.531094258,0.84020092,-0.93856085,-0.925271906,-0.729818891,-1.381018537,-0.658268386,-0.671741542,-0.613094142,-0.417938651,-0.355127138,-0.654476405,-0.624114183,-0.599570097,-0.562841964,-0.630282367,-0.953045332,-1.268271412,-1.158511929,-0.977527899,-0.878914031,-0.732450429,-0.705734766,-0.784338535,-0.589621139,-0.80659663,-0.952002044,-0.735148828,-0.549446015,-0.81261168,-0.63976322,-0.921452353,-0.836450986,-1.236100503,-1.20736364,-1.072204735,-1.005161393,-0.733509508,-0.761904429,-0.77157335,-0.69237988,-0.861285278,-0.818029963,-0.916959375,-0.734895559,-0.785591847,-0.807008428,-0.729424212,-0.8370311,-0.663838972,-0.704337015,-0.798220941,-0.743715903,-0.651805298,-0.808016136,-0.766090032,-0.711842159,-0.707725478,-0.59591327,-0.691977747,-0.587682858,0.380415882,-0.825486755,2.110141457,-0.644263373,-0.836167001,-1.02662398,-1.128469742,-0.925187839,-0.758792103,-0.885524823,-0.75773275,-0.8864423,-0.887273502,-0.84869592,-0.523707359,-0.735820141,-0.876703023,-0.751757357,-1.000826338,-0.728500111,-0.681824567,-0.660025301,-0.666302954,-0.951912811,-0.648863699,-0.830350749,-0.692219352,-0.705953739,-0.571035714,-0.609333584,-0.672303672,-0.800679774,-0.688830026,-0.60675522,-0.845410519,-0.472869786,-0.521086991,-0.746597169,-0.710487377,-0.627931858,-0.593821452,-0.547987106,-0.885562989,-0.410630732,-0.523763631,-0.718396928,-0.444090337,-0.484772193,-0.619227283,-0.677131015,-0.618186569,-0.630518257,-0.991986325,-0.47539137,-0.515942649,-0.677214516,-0.764720487,-0.559369422,-0.617370544,-0.596556769,-0.500044211,-0.776870963,-0.648844685,-0.656172802,-0.72366658,-0.43509954,-0.661743131,-0.424861261,-0.921319073,-0.448204065,-0.479406419,-0.617502831,-0.73816963,-0.60195703,-0.537789782,-0.634514323,-0.608071485,-0.62466289,-0.659942515
WM_Pn delicatissima,1.252048564,0.807534911,0.377960721,-0.321260984,1.165703788,0.275965482,1.279824409,1.181981389,0.451978637,-0.24456464,-0.073444397,0.873235544,0.021685479,0.187862444,0.068389031,0.82138358,0.213659564,0.216816327,0.197010842,1.04742446,0.088413481,0.812071515,-0.219662737,-0.137049095,-0.083807905,-0.019981301,-0.210773546,-0.20352388,-0.449649952,-0.39505337,0.942454422,0.21550717,-0.056263744,0.288013049,0.075633906,-0.310859954,-0.349094989,1.205574164,0.01463173,0.575404731,-0.104709832,1.338489895,1.900896507,1.351047125,-0.213938148,0.557867896,0.00929567,-0.36543054,-0.368065067,-1.375107911,-0.325686074,0.270199325,-0.156245626,-0.0559245,-0.028502543,0.028685098,-0.244707136,-0.125034881,1.288758847,0.003411978,0.378800968,0.715526645,-0.36839102,-0.161880897,0.872710173,1.573538885,1.791844003,0.981237198,0.049062044,1.258530733,0.177722059,1.593479501,-0.223869881,0.499487046,1.386250486,-0.235979218,-0.292392558,-1.297232195,0.77300558,-0.07668879,0.769867326,0.544211285,0.270731799,0.113099291,-0.040948297,-0.320533592,-0.129160696,-0.258104074,0.013530589,-0.008174975,-0.441004454,-0.266387071,1.380382365,0.223972051,0.537892812,0.706996511,0.579345847,0.017362753,-0.119707475,-0.321378238,-0.119517719,1.157143483,0.210278498,1.474261153,-0.257926566,-0.254594514,0.048054163,0.390697442,0.1632019,0.895557648,0.969239186,1.045309423,-0.175388523,0.006631206,0.244145449,0.099988569,0.367035146,1.107553932,0.979622505,0.670782114,0.428819499,0.298402303,0.581615439,0.109429626,0.447652165,2.477810596,2.742221631,2.425756939,0.101884012,1.337253735,0.890389132,-0.224207541,2.362487111,-0.231682271,-0.008738813,-0.228760909,-0.214394921,-1.249152739,-0.044999545,-0.556419287,-0.201365971,0.154148199,0.550889629,0.432242409,0.619039613,0.271588303,1.395155445,0.318076532,0.181842901,1.23683245,0.846720925,-0.309140705,-0.289299293,0.634436964,0.354679974,0.735682021,-0.076007022,-0.212853086,-0.453786375,-0.403289132,0.923124302,-0.220712237,0.840256756,0.246441862,-0.338112163,-0.307317565,-0.232050268,-0.016582795,2.212991587,0.0169865,0.225384228,1.149447169,-0.066436504,-0.294379624,0.023351966,-0.227343186,0.014050802,-0.007711998,-0.209300105,0.215585807,-0.282386703,-0.004257029,1.092372065,-0.336279497,-0.307811326,0.271517302,0.530045006,-0.118557197,-0.23411381,0.173099353,-0.16661464,-0.365575508,0.171379377,0.886784969,-0.390619404,0.068298777,-0.346719525,-0.281242947,0.138638797,0.0746668,-0.363154868,-0.092198485,-0.393327033,0.33737888,-0.348516736,-0.032395952,-0.313437673,-0.325738157,-0.155500413,-0.228009105,-0.294479202,0.026693118,-0.236098136,-0.333341507,-0.375340031,-0.345833904
DOM_Pn galaxiae,-0.924773415,-0.906134883,-0.800017483,-0.181547895,-1.117716389,-0.793636918,-1.260387667,-0.923268546,-0.859960627,-0.711179838,-0.7883799,-0.983647751,-0.647114468,-0.822145756,-0.660137737,-0.835479242,-0.73154308,-0.735102567,-0.729468812,-0.766063201,-0.57796549,-0.757679661,-0.617507204,-0.757012791,-0.828102272,-0.765690008,-0.586393648,-0.646820478,-0.578673165,-0.551822693,-0.757694717,-0.713412705,-0.572167291,-0.720623753,-0.598017194,-0.614745774,-0.613029724,-0.945497126,-0.451234885,-0.736848034,-0.554929462,-0.751643194,-0.825283906,-0.835769542,-0.59513554,-0.744476124,-0.638252568,-0.562308984,-0.541743814,1.370831541,-0.803763498,-0.799661351,-0.791604141,-0.645599124,-0.627312927,-0.571403339,-0.622905306,-0.620220137,-0.751609428,-0.607094648,-0.709579816,-0.997212049,-0.530329327,-0.764710325,-0.716658908,-0.87920176,-0.759664273,-0.767891075,-0.61295315,-0.580871961,-0.669801071,-0.856207795,-0.634875947,-0.90840569,-0.953277015,-0.549730426,-0.523128803,1.527237271,-0.809997313,-0.892232983,-0.861855122,-0.23989311,-0.658268386,-0.671741542,-0.613094142,-0.417938651,-0.391967801,-0.654476405,-0.624114183,-0.599570097,-0.562841964,-0.630282367,-0.839932122,-0.84083626,-0.996646607,-0.918386184,-0.862448345,-0.560453856,-0.624263024,-0.775200509,-0.567363269,-0.787265551,-0.937987497,-0.735148828,-0.476110787,-0.70386564,-0.63976322,-0.774484128,-0.724469843,-0.987068731,-0.841753192,-0.912830005,-0.825910752,-0.569339032,-0.761904429,-0.683672772,-0.443361591,-0.682305673,-0.83988485,-0.929939049,-0.682724162,-0.785591847,-0.807008428,-0.729424212,-0.8370311,-0.663838972,-0.704337015,-0.798220941,-0.743715903,-0.651805298,-0.808016136,-0.766090032,-0.62114625,-0.707725478,-0.586270405,-0.691977747,-0.587682858,1.066904263,-0.663687267,1.010601882,-0.623227185,-0.836167001,-0.874765977,-0.843988368,-0.925187839,-0.731250903,-0.885524823,-0.721848666,-0.76232956,-0.887273502,-0.84869592,-0.523707359,-0.735820141,-1.01198102,-0.865261858,-1.000826338,-0.728500111,-0.681824567,-0.660025301,-0.666302954,-0.951912811,-0.629744183,-0.830350749,-0.662281095,-0.701638007,-0.570859983,-0.646592442,-0.672303672,-0.800679774,-0.710516552,-0.60675522,-0.845410519,-0.459113475,-0.521086991,-0.746597169,-0.710487377,-0.627931858,-0.593821452,-0.547987106,-0.855287474,-0.410630732,-0.523763631,-0.718396928,-0.444090337,-0.484772193,-0.619227283,-0.677131015,-0.618186569,-0.630518257,-0.860120625,-0.47539137,-0.515942649,-0.677214516,-0.764720487,-0.559369422,-0.617370544,-0.596556769,-0.587895575,-0.776870963,-0.606123143,-0.656172802,-0.72366658,-0.437992027,-0.661743131,-0.424861261,-0.774838284,-0.46206667,-0.479406419,-0.617502831,-0.661181253,-0.591696521,-0.509834022,-0.624435456,-0.565183082,-0.62466289,-0.659942515
WM_Pn galaxiae,1.828044408,1.515363715,-0.099924932,-0.322504191,1.783087755,0.74645829,0.565093384,0.522053174,0.597216235,0.097830336,0.204293533,0.793260234,0.174688324,0.207964951,0.102963563,0.585712446,0.28825638,0.291962696,0.274710126,-0.0536931,-0.149625942,-0.172156155,-0.02648062,1.163381938,0.214702145,1.041694027,0.049880105,0.08654116,0.073322887,-0.056225219,0.105418693,-0.428469717,-0.482809516,-0.348701094,-0.452852789,-0.283068696,-0.288945052,0.60526229,-0.354994465,-0.351954741,-0.31551244,0.099231652,0.090095585,-0.037843435,-0.412171154,0.106269149,-0.40387083,-0.360551321,-0.335252928,-0.964975425,0.781459079,0.347917063,0.054625222,-0.54564189,0.048983108,-0.335378386,-0.370876291,-0.367043838,-0.455519956,-0.435915223,1.837330256,1.353287794,-0.127330119,0.344546131,-0.242436608,-0.045072474,0.170435647,0.21142416,-0.38425904,-0.323543664,-0.14303321,0.263800109,-0.378881146,0.564743578,0.407550193,-0.242905751,-0.329871556,-0.745293296,0.240754152,0.336006673,-0.199033405,1.272297293,-0.464166972,-0.376576433,-0.442779218,0.860657579,0.663201061,-0.17513087,-0.432218077,-0.474208544,-0.345902604,-0.396433338,1.295788755,0.030650107,0.156895419,0.296492543,0.326408624,0.438937982,0.408918289,0.202182347,-0.340764466,1.008495449,0.799181463,-0.191238582,-0.26863957,0.453383668,-0.237738131,0.137293135,0.308151904,1.104426248,0.302321836,0.434037571,0.429609038,-0.216738037,-0.108802544,1.373858346,0.131637476,0.145570126,1.77733419,0.057434012,-0.003010985,0.129624347,-0.160993557,-0.156547072,0.915873021,-0.258008269,0.049064055,0.356652238,-0.127242753,0.401250901,-0.149154465,0.195191933,-0.059584471,0.205934214,-0.472633949,0.150928078,-0.407195764,-1.036093168,1.102325805,-0.675591757,-0.383259148,1.285838842,0.297862041,0.347198382,1.274627422,-0.057416422,1.209181707,0.257258559,0.034122945,0.756399982,0.203198,-0.421464054,-0.040033101,1.104339149,0.517376856,0.527446167,0.205470848,0.177055982,0.154331612,-0.134532201,0.550849385,-0.372920434,-0.007734578,0.205465879,-0.261861364,-0.473268769,-0.075086856,-0.363391886,0.521581453,-0.359860235,-0.466080883,-0.088141233,-0.286683464,-0.241861985,-0.112784423,0.255819943,-0.436789198,-0.465781006,-0.429125592,0.611858003,-0.388745374,-0.4788651,0.06872584,-0.360352811,-0.395654967,-0.534500259,-0.197082427,-0.482203701,-0.410630676,0.443424601,-0.232069426,-0.44199066,-0.198380946,-0.117637245,-0.440043453,-0.417553559,-0.402421373,-0.091440518,-0.091246959,-0.288104689,-0.390062624,0.419865341,-0.302448792,-0.083152489,-0.354131063,0.127750822,-0.259374518,-0.437783905,-0.087595227,0.0183752,-0.391682338,-0.389694912,-0.355297351,-0.041123433,-0.377700999,-0.153217028
DOM_Pn galaxiae,-0.473906688,-0.921122054,-0.826861758,-0.215730103,-1.300688735,-0.5104121,-1.323254594,-0.838809346,-0.877513258,-0.674833823,-0.764093282,-0.597925663,-0.49664002,-0.769797375,-0.578130408,-0.96396955,-0.796329599,-0.764515516,-0.803288739,-0.766109141,-0.622750904,-0.729151104,-0.526338781,-0.694572529,-0.712292633,-0.764187274,-0.567256263,-0.623873431,-0.563215538,-0.538293451,-0.820442322,-0.674466263,-0.569531533,-0.720623753,-0.598017194,-0.597076213,-0.613029724,-0.945497126,-0.495430233,-0.736848034,-0.569873826,-0.751643194,-0.825283906,-0.835769542,-0.565823238,-0.744476124,-0.638252568,-0.562308984,-0.541743814,1.979155743,-0.688518359,-0.726334991,-0.775469665,-0.504705135,-0.629696372,-0.645539166,-0.630717287,-0.620220137,-0.751609428,-0.601035091,-0.648299248,-0.841531425,-0.50971466,-0.736798347,-0.681844972,-0.77372472,-0.759664273,-0.837372429,-0.652960311,-0.68002631,-0.669801071,-0.856207795,-0.634875947,-0.663158267,-0.862495404,-0.54408105,-0.52479943,1.934923777,-0.680296404,-0.605919873,-0.741612251,-0.204459816,-0.658268386,-0.632832221,-0.613094142,-0.417938651,-0.382214167,-0.654476405,-0.624114183,-0.599570097,-0.562841964,-0.630282367,-0.953045332,-0.475424436,-0.794653348,-0.775066906,-0.680167644,-0.543333783,-0.672570428,-0.69689932,-0.586375924,-0.939028734,-0.866532127,-0.735148828,-0.510436603,-0.576614629,-0.63976322,-0.778324323,-0.740618596,-0.726311376,-0.688660892,-0.798437464,-0.646035038,-0.584379563,-0.652674086,-0.690218279,-0.496733689,-0.795759578,-0.820726987,-0.929939049,-0.657937876,-0.756824976,-0.746369333,-0.729424212,-0.8370311,-0.663838972,-0.704337015,-0.798220941,-0.743715903,-0.651805298,-0.808016136,-0.766090032,-0.711842159,-0.707725478,-0.610251585,-0.691977747,-0.587682858,1.05846339,-0.657473733,1.326864734,-0.633956664,-0.705080263,-0.860333008,-0.871259595,-0.925187839,-0.642968361,-0.885524823,-0.674256434,-0.907199598,-0.887273502,-0.84869592,-0.523707359,-0.735820141,-0.564283594,-0.865261858,-1.000826338,-0.728500111,-0.681824567,-0.660025301,-0.666302954,-0.951912811,-0.635775825,-0.830350749,-0.602306063,-0.739315102,-0.568943916,-0.616346925,-0.640662655,-0.800679774,-0.679285937,-0.599230704,-0.845410519,-0.461998642,-0.521086991,-0.746597169,-0.710487377,-0.627931858,-0.593821452,-0.547987106,-0.765512636,-0.410630732,-0.523763631,-0.718396928,-0.444090337,-0.484772193,-0.619227283,-0.677131015,-0.618186569,-0.630518257,-0.651766732,-0.437384008,-0.515942649,-0.677214516,-0.764720487,-0.559369422,-0.617370544,-0.596556769,-0.587895575,-0.776870963,-0.635613649,-0.656172802,-0.671981271,-0.435637567,-0.661743131,-0.424861261,-0.699520758,-0.46206667,-0.479406419,-0.617502831,-0.606985956,-0.593848499,-0.565004081,-0.632478081,-0.54466054,-0.62466289,-0.59665001
WM_Pn galaxiae,0.675370417,0.400663229,0.624856148,-0.311359315,0.39227929,0.348460397,0.455303489,0.676539263,-0.218137825,0.343518162,0.366496874,1.144116943,0.152452681,0.098393719,0.093399105,0.259664288,0.184276013,0.187216309,0.168579043,0.08811495,-0.049101801,-0.192467892,-0.102900983,0.990768729,0.134948051,0.970055028,-0.104122564,0.130132485,0.032603588,-0.012533931,2.144048932,-0.123374513,-0.38023644,-0.026952498,-0.334736144,-0.067636614,-0.123033112,0.208786616,-0.320943003,-0.326346173,-0.105468071,0.299030009,0.11708398,-0.030287299,-0.169672919,0.32038033,-0.160482728,-0.26853781,-0.308181038,-0.822362036,0.596598913,0.21522236,0.028014874,0.11750227,-0.030476414,-0.16809861,-0.27511558,-0.271301464,0.295911625,-0.285513259,1.229145991,0.427473145,-0.172250327,0.083706797,-0.188962518,-0.054132164,1.222053021,1.69394366,-0.150836093,0.042290274,-0.097087529,0.245409746,-0.02698621,0.574780814,0.309026056,0.1881472,-0.263741403,-0.76474556,0.480995165,0.281092066,-0.039606647,0.704187202,-0.298201941,-0.153838157,-0.307680316,-0.269856355,-0.271206144,0.187383111,-0.135054302,-0.276353881,-0.199687165,-0.044580117,1.179097235,0.023520522,0.223044516,0.119022786,0.114800784,0.290705797,0.238979887,0.407538089,-0.126623126,1.408630269,0.939564052,-0.281004546,-0.183696455,0.150942139,-0.210716806,0.416292921,0.181383629,0.713029768,0.696399206,0.671811897,0.393340872,-0.091581253,0.148360514,0.710446353,0.059583746,0.209876617,0.378573452,0.257203452,0.494057421,0.012897702,-0.093359914,-0.243762002,1.219976466,-0.055176982,0.091772643,0.279561959,0.413485929,0.075378515,-0.219721644,0.340528615,0.046344046,0.379076122,-0.230212957,0.313685459,-0.124491266,-0.874685586,0.157787303,-0.923066436,-0.27778746,0.293085231,0.466379866,0.725413202,0.830967995,0.044751036,1.167599225,0.778145491,0.351982869,1.032722479,1.382430654,0.136621034,0.354195393,1.318410153,0.834671378,0.838892063,0.608594061,0.37428781,0.333813227,-0.002882243,1.18953134,-0.317135624,0.428270533,0.222200887,0.683505182,-0.105560394,0.437056453,-0.100174111,0.400310567,-0.019701261,-0.384818678,-0.246016972,-0.371320806,-0.183560858,0.049941519,0.108067045,-0.24265934,-0.288682942,-0.234125274,0.604140024,-0.03819747,0.021492803,0.905844816,-0.041934246,-0.228856915,-0.372658944,0.286626942,-0.205833463,0.055370368,0.254190743,0.013375027,-0.138125906,-0.028122811,0.282714549,-0.267168689,-0.092370501,-0.157154237,-0.209202036,1.358347646,-0.106624443,-0.022710092,0.704219587,0.179465189,0.219284251,-0.218152209,0.029921648,-0.209492694,-0.131771129,-0.192131716,0.016561713,-0.255515767,-0.365337942,-0.26475575,-0.174436548,0.218826785,-0.324703285
DOM_Pn hasleana,-0.573502358,-1.346893477,-0.623667495,-0.16903661,-1.670616873,-0.364449289,-1.536269111,-1.033641316,-0.88991676,-0.714596398,-0.795830745,-0.117144864,-0.322728015,-0.777252288,-0.396803727,-0.411271722,-0.529462378,-0.698615289,-0.795580886,-0.651138371,-0.61202692,-0.61256463,-0.416769127,-0.672156611,-0.527422667,-0.654380695,-0.518404463,-0.532232543,-0.480947218,-0.492593191,-0.743457257,-0.560485907,-0.55517461,-0.619927933,-0.554724553,-0.527208678,-0.487877824,-0.891361815,-0.481380382,-0.62278814,-0.511181237,-0.696793933,-0.798752036,-0.794104894,-0.59513554,-0.744476124,-0.618098141,-0.530288097,-0.527175819,0.115416972,-0.445573253,-0.552466738,-0.654228401,-0.391335091,-0.567172073,-0.596492807,-0.520840931,-0.509846371,-0.751609428,-0.595809015,-0.413155311,-1.226870595,-0.439322198,-0.659711254,-0.595035656,-0.87920176,-0.609603097,-0.752125725,-0.597260539,-0.640826994,-0.581192258,-0.804780129,-0.588060478,-0.501828619,-0.866061299,-0.543263179,-0.494668383,0.074773379,-0.345173161,-0.313496604,-0.722671108,-0.087164383,-0.658268386,-0.54399179,-0.576583015,-0.417938651,-0.381305852,-0.625990205,-0.604145743,-0.584062564,-0.537988973,-0.576550375,-0.953045332,-0.343187954,-0.379127675,-0.613300572,-0.550753898,-0.682517626,-0.503191287,-0.511319269,-0.533718482,-0.875184399,-1.056263055,-0.575147483,-0.526918843,-0.349001654,-0.493464135,-0.802865141,-0.729100783,-0.577761468,-0.233085543,-0.310609127,-0.37560297,-0.538463262,-0.478786748,-0.648922083,-0.601227357,-0.800190044,-0.833173818,-0.823217416,-0.66676089,-0.64815714,-0.65633763,-0.50610965,-0.791437849,-0.595862176,-0.704337015,-0.798220941,-0.743715903,-0.601555094,-0.808016136,-0.722276351,-0.475201614,-0.655959491,-0.610251585,-0.641551092,-0.587682858,0.779239664,-0.595609501,0.539889662,-0.591274028,-0.620161888,-0.790044874,-0.845343739,-0.674620475,-0.566985856,-0.885524823,-0.580073096,-0.79013855,-0.887273502,-0.629746577,-0.523707359,-0.684261179,-0.549736455,-0.865261858,-1.000826338,-0.728500111,-0.681824567,-0.620058682,-0.357340558,-0.86237426,-0.541723514,-0.805608017,-0.528984902,-0.716360719,-0.563560398,-0.646592442,-0.672303672,-0.800679774,-0.588420735,-0.56441674,-0.717833561,-0.452114073,-0.464378588,-0.600179113,-0.710487377,-0.627931858,-0.593821452,-0.547987106,-0.696091455,-0.407283597,-0.516646553,-0.691687144,-0.444090337,-0.484772193,-0.583322586,-0.677131015,-0.618186569,-0.630518257,-0.466678901,-0.47539137,-0.515942649,-0.598510546,-0.441538177,-0.487097458,-0.595797149,-0.566010992,-0.388996123,-0.520320671,-0.573107211,-0.510588641,-0.72366658,-0.435540984,-0.361993397,-0.424861261,-0.635138627,-0.437239575,-0.479406419,-0.589512246,-0.522131172,-0.537103088,-0.540720348,-0.509990968,-0.474582654,-0.62466289,-0.425919343
WM_Pn hasleana,0.622467066,0.638731648,0.015051075,-0.318591072,0.534384057,0.246434109,0.245120584,0.102724,0.39069556,-0.090647055,0.596064173,0.810926157,0.421099789,0.443972268,0.398726527,0.285220109,0.195431809,0.198454289,0.171104451,0.215968602,0.075474241,-0.21777866,0.030565497,1.187410698,0.173803179,0.185956434,-0.074858017,0.120430765,-0.012905009,-0.078746949,0.90939,-0.267408981,-0.41273745,-0.182439626,-0.371541063,-0.226941186,-0.269323923,0.269843587,-0.16172768,0.468277301,-0.164599518,0.043695123,0.133080207,0.141301935,-0.320631983,0.993763718,-0.274486852,-0.363895472,-0.389279625,-0.892796301,0.200989593,0.220453713,-0.009208906,-0.017075628,0.05527989,-0.255960165,-0.355579598,-0.335216235,-0.091213781,-0.359065635,0.634608412,0.413501944,-0.231305889,0.326348861,-0.16510131,0.539861548,-0.07442264,0.567781753,-0.264536907,-0.223092259,-0.193501618,0.317763448,-0.193615953,0.032526369,1.07138014,-0.110614153,-0.29765368,-0.876878274,0.587340867,1.000191056,0.470121031,0.749810518,-0.370640774,-0.212651926,-0.374560731,-0.06370874,-0.148368839,-0.377173135,-0.298140958,-0.368838608,-0.293279128,-0.225012112,1.637912234,0.863747264,0.660494366,0.347100162,0.32786996,0.157823044,0.122465053,0.643681264,-0.186135934,1.705397807,0.288111236,-0.17943406,-0.174944116,0.119882048,-0.378658379,0.728465337,0.583245248,0.448498684,0.853736835,0.524593596,0.637095756,0.104804529,0.062959311,0.400565909,-0.119206759,0.125417246,0.126079536,0.080193251,0.142390035,-0.080631872,0.184473445,0.062242753,0.834123429,0.100670103,0.100465496,0.498398313,0.346765012,0.45970555,0.334207883,0.067495627,0.032573391,0.111814724,-0.352083685,0.087068957,-0.258975986,-1.001735422,0.458305016,-0.645137443,-0.338471981,0.618780603,0.751106608,1.06651962,1.881752401,0.105366035,1.31285781,0.977592112,0.419758132,1.317898443,-0.007077958,-0.154156851,0.334905135,1.585936928,0.431278972,0.694466713,0.130119738,0.064972986,0.085453719,0.488844136,0.763667899,-0.35990212,1.128857176,0.037525643,0.016000329,-0.330047769,-0.170344063,-0.257705695,0.270710229,-0.175058894,-0.432405685,0.307230113,-0.075808953,-0.161568445,0.142636725,-0.05170842,-0.359752833,-0.348382508,-0.338954903,0.820525909,-0.169142009,-0.154410492,0.443510122,0.021583241,0.107568646,-0.432267511,0.07856382,-0.243056637,-0.107196558,0.341338387,0.009460451,-0.129834366,-0.200304134,-0.093135383,-0.374623756,-0.243536233,-0.225979028,-0.123097863,0.052737659,-0.193291581,-0.137094825,1.98537896,-0.116378503,-0.043444429,-0.359662489,0.011431455,-0.303733949,-0.289699447,-0.298518236,0.07363393,-0.301256189,-0.158562666,-0.335597292,-0.215816841,0.053233199,-0.162743056
DOM_Pn hasleana,-0.904630941,-1.059316434,-0.767252242,-0.276121956,-1.30074463,-0.780107811,-1.166839228,-1.027254919,-0.764639335,-0.680679821,-0.771107848,-1.026037882,-0.759453327,-0.907827638,-0.77080741,-0.898215414,-0.844867728,-0.775548787,-0.778496491,-0.88954001,-0.617976234,-0.78012909,-0.631205658,-0.766050481,-0.755830005,-0.81599551,-0.60447765,-0.666712316,-0.63060282,-0.597273968,-0.720769534,-0.702055271,-0.569818689,-0.720623753,-0.586034407,-0.596462341,-0.545373635,-0.863350084,-0.487338318,-0.668171507,-0.542389368,-0.751643194,-0.825283906,-0.835769542,-0.59513554,-0.744476124,-0.638252568,-0.562308984,-0.541743814,1.178073099,-0.850416643,-0.809183754,-0.663838475,-0.64060126,-0.647668743,-0.685891853,-0.593034544,-0.58278364,-0.751609428,-0.607094648,-0.852207243,-0.996725196,-0.573410254,-0.836332074,-0.735094164,-0.793283768,-0.664814381,-0.727003272,-0.643468726,-0.740418659,-0.649079237,-0.856207795,-0.622972555,-0.690791428,-1.053688832,-0.542268076,-0.514174305,1.208347428,-0.827317416,-0.831371643,-0.861855122,-0.625381685,-0.658268386,-0.671741542,-0.613094142,-0.417938651,-0.351996157,-0.654476405,-0.624114183,-0.599570097,-0.562841964,-0.630282367,-0.953045332,-0.957889495,-1.009307508,-0.922310213,-0.858485619,-0.656607524,-0.70822542,-0.7564075,-0.559166268,-0.926418318,-1.025963525,-0.735148828,-0.535964241,-0.81261168,-0.63976322,-0.75506978,-0.797726111,-0.830240127,-0.926900063,-0.923399566,-0.871523593,-0.733509508,-0.761904429,-0.726297711,-0.578174353,-0.842885719,-0.865133306,-0.83328848,-0.706602765,-0.785591847,-0.790749676,-0.729424212,-0.8370311,-0.663838972,-0.704337015,-0.798220941,-0.743715903,-0.651805298,-0.808016136,-0.748726259,-0.660990054,-0.707725478,-0.610251585,-0.691977747,-0.587682858,1.085219464,-0.694992853,-0.010443625,-0.631580467,-0.79123631,-0.915491172,-0.80129935,-0.925187839,-0.663559037,-0.885524823,-0.732899234,-0.877944028,-0.757954257,-0.807204455,-0.523707359,-0.6098697,-0.733834773,-0.865261858,-1.000826338,-0.728500111,-0.681824567,-0.660025301,-0.666302954,-0.951912811,-0.628685622,-0.78164589,-0.700225769,-0.708883572,-0.564014115,-0.646592442,-0.672303672,-0.800679774,-0.710516552,-0.595036531,-0.845410519,-0.452596162,-0.521086991,-0.746597169,-0.710487377,-0.627931858,-0.593821452,-0.547987106,-0.858445105,-0.410630732,-0.523763631,-0.718396928,-0.444090337,-0.484772193,-0.619227283,-0.677131015,-0.618186569,-0.630518257,-0.953866295,-0.47539137,-0.515942649,-0.677214516,-0.764720487,-0.559369422,-0.617370544,-0.596556769,-0.587895575,-0.736055372,-0.661730841,-0.656172802,-0.72366658,-0.435004691,-0.622872134,-0.424861261,-0.816141362,-0.46206667,-0.479406419,-0.617502831,-0.673824152,-0.580162001,-0.547053544,-0.593682773,-0.608071485,-0.62466289,-0.659942515
WM_Pn hasleana,0.319503805,0.460173512,0.424413931,-0.342280716,0.348712661,0.095546645,0.847372352,0.345497527,0.142080314,0.063421108,0.520273719,0.638332163,0.244896742,0.219211934,0.2040292,0.174293689,0.074292886,0.07642294,0.05691776,0.080162678,-0.098061538,-0.290809431,-0.183250774,0.859148594,0.014035333,0.201492053,-0.179024753,-0.003338072,-0.160426819,-0.069323519,0.833878167,-0.239698066,-0.347871773,0.006506911,-0.254887246,-0.24246205,-0.332772847,0.146467517,-0.268726018,-0.191442635,-0.105711561,0.124942503,0.103401657,0.101117611,-0.291080054,0.504067097,-0.26625085,-0.371111796,-0.407614517,-0.689002706,-0.029838832,0.075196134,-0.099424063,-0.035394586,-0.073552052,-0.140201849,-0.265834167,-0.252621047,-0.154824643,-0.3474283,0.392304807,0.110996314,-0.390540268,0.043588947,-0.264874871,0.535406981,1.141113477,0.731342179,-0.236635484,-0.054412645,-0.332615051,0.460507088,-0.132797631,0.812350839,0.823266097,-0.216941753,-0.202492449,-0.708910312,0.369998424,0.43502007,0.146021608,0.114350259,-0.321018429,-0.113434972,-0.336374918,-0.323683727,-0.302009429,-0.376281074,-0.271592506,-0.375600461,-0.317388177,-0.14853466,1.180295435,0.115631356,0.315828566,0.047375056,0.031832325,-0.175803645,-0.074580192,0.450179466,-0.106463784,0.964268078,0.581966258,-0.080985317,-0.224839691,-0.165983759,-0.480733456,0.977032206,0.570342282,0.53127177,0.639593653,0.082204191,0.530288817,-0.027933433,-0.025411484,0.164494419,-0.175189485,0.190753718,-0.09561363,-0.202057045,0.188532095,-0.06470999,-0.123238468,-0.263645348,0.854807378,-0.015954847,0.044815269,0.496834921,-0.032151341,0.479305501,0.125922007,0.053737317,-0.060519364,0.081793847,-0.370978722,0.0108429,-0.299767969,-1.013269774,0.154964586,-0.911869461,-0.269311584,0.384601409,0.573971947,0.800197155,1.882696369,0.252180415,0.901659077,0.71655164,0.21554782,0.849285001,0.770082067,-0.211851929,0.032952203,0.974603527,0.254591175,0.584272559,0.231518113,0.077049939,0.004409697,-0.040153202,0.674136526,-0.301768598,2.307818076,0.005341812,0.049425701,-0.397483263,0.02979804,-0.241382544,0.158880726,-0.040383028,-0.337872322,-0.054302092,-0.118125503,-0.251430441,0.082221952,-0.230595116,-0.427840149,-0.365150744,-0.36823864,0.524460908,-0.245046976,-0.362351039,2.810231575,-0.185020552,-0.240742246,-0.366447783,0.100096618,-0.180715689,-0.057971205,0.197053391,-0.103552508,-0.351545062,-0.011212172,0.298371358,-0.294850926,-0.257981581,-0.195111472,-0.212975268,0.26448833,-0.068478728,-0.005715335,1.677148263,-0.014716976,0.002426196,-0.328718443,0.13198021,-0.33649615,-0.335604622,-0.312630713,0.001407752,-0.173594215,-0.282004044,-0.256118945,-0.364190736,-0.101913553,-0.306188682
DOM_Pn multiseries,-0.95879213,-0.472243805,-0.825614242,0.123492655,-0.200034743,-0.997121127,-0.392737852,-0.424521158,-0.814129538,-0.654902757,-0.778980217,-0.942647535,-0.718340377,-0.661176417,-0.38871079,-1.001471744,-0.739302334,-0.714281091,-0.728538012,-0.68931372,-0.695314529,-0.8001284,-0.76669688,-0.766301866,-0.828102272,-0.676570994,-0.631404904,-0.638378328,-0.552622163,-0.52902163,-0.963587661,-0.637390134,-0.540441214,-0.529048789,-0.598017194,-0.542492288,-0.613029724,-0.945497126,-0.420912049,-0.736848034,-0.513049121,-0.751643194,-0.707763363,-0.835769542,-0.59513554,-0.744476124,-0.638252568,-0.562308984,-0.541743814,1.169206278,-0.723745503,-0.738194927,-0.554884629,-0.672438647,-0.668215555,-0.685891853,-0.560755026,-0.620220137,-0.751609428,-0.607094648,-0.773552265,-0.692786143,-0.573410254,-0.629440573,-0.743252103,-0.87920176,-0.759664273,-0.995879387,-0.652960311,-0.473996256,-0.669801071,-0.856207795,-0.634875947,-0.788528507,-0.703730848,-0.549730426,-0.498129462,1.054603108,-0.936901626,-0.825353414,-0.861855122,-1.381018537,-0.466529609,-0.671741542,-0.613094142,-0.417938651,-0.391967801,-0.654476405,-0.624114183,-0.599570097,-0.562841964,-0.630282367,-0.953045332,-1.128651776,-1.059758262,-0.927742152,-0.972951037,-0.704250058,-0.585864164,-0.600939313,-0.530119377,-0.998759996,-0.536602874,-0.735148828,-0.549446015,-0.81261168,-0.63976322,-0.588701206,-0.623782981,-0.585711887,-0.96807073,-0.78155319,-0.960454103,-0.296099591,-0.406388398,-0.747104181,-0.578019907,-0.861285278,-0.876939687,-0.929939049,-0.734895559,-0.785591847,-0.807008428,-0.729424212,-0.8370311,-0.663838972,-0.704337015,-0.798220941,-0.743715903,-0.651805298,-0.808016136,-0.766090032,-0.711842159,-0.551438869,-0.610251585,-0.691977747,-0.587682858,0.905549951,-0.825486755,0.113990954,-0.562690191,-0.836167001,-0.748549146,-0.702939286,-0.925187839,-0.805674013,-0.885524823,-0.741820138,-0.440043487,-0.887273502,-0.84869592,-0.523707359,-0.735820141,-1.01198102,-0.865261858,-0.665449774,-0.728500111,-0.681824567,-0.660025301,-0.666302954,-0.951912811,-0.541774133,-0.830350749,-0.729052675,-0.739315102,-0.576591061,-0.646592442,-0.672303672,-0.800679774,-0.710516552,-0.60675522,-0.469083391,-0.472869786,-0.521086991,-0.746597169,-0.470602985,-0.627931858,-0.593821452,-0.547987106,-0.740351812,-0.410630732,-0.523763631,-0.718396928,-0.444090337,-0.484772193,-0.619227283,-0.677131015,-0.618186569,-0.630518257,-0.684465045,-0.47539137,-0.515942649,-0.677214516,-0.764720487,-0.559369422,-0.617370544,-0.596556769,-0.587895575,-0.776870963,-0.661730841,-0.656172802,-0.72366658,-0.437992027,-0.661743131,-0.424861261,-0.608240594,-0.46206667,-0.479406419,-0.617502831,-0.650153862,-0.559494225,-0.586757098,-0.560450216,-0.608071485,-0.62466289,-0.431423286
WM_Pn multiseries,0.107534488,1.539628414,1.377402355,-0.381270468,1.136632034,1.407381852,1.416470079,2.297244835,2.207161171,1.11270967,1.40771061,1.985679713,2.510284361,1.695223113,2.332898697,1.88161693,2.554598409,2.575000788,2.50762652,2.23975518,2.679307317,2.255819547,2.222385807,1.017081703,2.254823202,2.062956358,2.398794486,2.572321357,2.466032143,2.607707844,0.87463761,1.512609625,1.404617173,1.110764726,1.306738566,1.074392351,1.297919559,1.590827792,0.616638125,1.376703176,0.674803099,2.281507894,0.840963694,2.242018994,2.114535391,2.138612091,1.792252696,1.509872971,1.369095679,-0.586469495,2.244452766,2.588828462,2.464267792,1.881457194,2.587523126,1.384749158,1.298949379,1.415738947,2.165905337,1.844327593,0.142664373,1.989502449,2.35054119,2.043977806,2.743656497,0.901654458,0.412034581,1.03961473,1.672477621,0.820363443,2.607992192,1.507826331,1.51156863,1.726117425,1.636715602,1.707003107,1.164161792,-0.681441353,2.198891402,1.885122656,2.345247795,0.982932597,1.334330092,1.597625632,1.4839177,-0.361275706,-0.14843955,1.605064488,1.84580882,1.731918625,1.610985546,1.645179693,0.225220452,1.970824804,1.945464263,2.136102955,2.215024447,2.897318828,2.590520847,2.244778744,0.761738955,0.526272051,1.553129326,2.193801392,0.815287433,2.6537267,1.626504033,1.515687712,2.781833831,1.962976538,1.83257154,2.140683012,1.964005272,2.368029825,2.628926596,2.574700668,2.715447218,2.361187041,1.506264031,2.578384922,3.160917474,2.271313634,2.275155431,2.165280149,2.258188096,1.216188512,0.444138844,0.619055269,2.026341479,-0.171169664,1.803564015,1.447205821,0.932796001,1.637625331,1.747291197,1.842394839,2.189125147,-0.604630287,0.906274247,-0.982721754,1.506436192,1.247897542,1.01017162,1.948906215,0.608387437,1.870237266,1.051703012,2.509232394,2.230653161,1.423198444,0.915298239,0.566424079,1.431486535,1.502109023,2.44152884,1.327425176,1.07708745,1.554192374,1.84350922,2.737857985,1.618329755,1.434509316,0.689441524,2.821590282,2.056519945,1.810905342,1.857434922,1.8657852,1.431274397,1.510710376,1.417325771,1.835461011,1.452203309,1.152853481,2.351881435,1.079120891,1.594579248,1.96555662,2.31369274,1.043004172,0.02425108,2.527032147,-0.11280885,0.160774073,0.324755292,1.426883596,0.430393996,1.816582923,1.161393707,2.217629935,3.302217238,2.417004921,1.325591353,2.400936991,1.756937729,1.718884115,1.718962879,1.944323728,1.035709658,0.516619804,1.41764123,0.450890062,0.037114046,2.235534142,0.973668266,1.805452244,0.463051084,2.022430705,1.814298792,2.397344882,1.586556831,0.941345788,1.369942388,2.113201782,1.452405428,1.939444007
DOM_Pn multiseries,-0.630927845,-0.102561497,-0.716061048,0.206558538,-0.001730833,-0.964863895,0.132311475,-0.026974784,-0.397395919,-0.523967167,-0.830817783,-0.761701746,-0.579354729,-0.397932736,-0.363786095,-0.879345574,-0.71666896,-0.718581465,-0.701732462,-0.781213666,-0.4740737,-0.682809365,-0.709367894,-0.864825281,-0.596431911,-0.643531067,-0.631404904,-0.659148908,-0.54541666,-0.522715036,-0.963587661,-0.713412705,-0.542802794,-0.720623753,-0.598017194,-0.614745774,-0.613029724,-0.945497126,-0.512856028,-0.423281671,-0.506105104,-0.751643194,-0.825283906,-0.835769542,-0.59513554,-0.744476124,-0.638252568,-0.562308984,-0.541743814,1.262768141,-0.662850382,-0.747648122,-0.276049359,-0.678206572,-0.616454842,-0.685891853,-0.509111862,-0.620220137,-0.751609428,-0.607094648,-0.758438624,-0.562282126,-0.573410254,-0.50805304,-0.655176138,-0.87920176,-0.650536761,-0.995879387,-0.652960311,-0.797189319,-0.669801071,-0.856207795,-0.634875947,-0.577097313,-0.535503713,-0.549730426,-0.531094258,1.147118797,-0.822231341,-0.91906921,-0.861855122,-1.381018537,-0.658268386,-0.671741542,-0.613094142,-0.417938651,-0.391967801,-0.654476405,-0.624114183,-0.599570097,-0.562841964,-0.630282367,-0.194364139,-0.258151636,-0.6789738,-0.775537018,-0.972951037,-0.569989656,-0.613866812,-0.667165054,-0.512161924,-0.998759996,-0.154669723,-0.735148828,-0.549446015,-0.81261168,-0.63976322,-0.501351225,-0.413792448,-0.318922585,-0.947560854,-0.924176266,-0.849822254,-0.416585738,-0.761904429,-0.615269836,-0.619314837,-0.861285278,-0.823659425,-0.830835104,-0.734895559,-0.785591847,-0.807008428,-0.729424212,-0.8370311,-0.663838972,-0.704337015,-0.798220941,-0.743715903,-0.651805298,-0.808016136,-0.406610673,-0.711842159,-0.707725478,-0.610251585,-0.691977747,-0.587682858,1.104773022,-0.825486755,0.675460178,-0.623746864,-0.836167001,-0.673751993,-0.305639507,-0.925187839,-0.630312819,-0.885524823,-0.813937243,-0.533949182,-0.887273502,-0.84869592,-0.523707359,-0.735820141,-0.73445206,-0.865261858,-1.000826338,-0.728500111,-0.681824567,-0.660025301,-0.666302954,-0.699275664,-0.504406581,-0.830350749,-0.648102782,-0.739315102,-0.576591061,-0.646592442,-0.672303672,-0.800679774,-0.64401841,-0.60675522,-0.845410519,-0.472869786,-0.521086991,-0.746597169,-0.710487377,-0.627931858,-0.593821452,-0.547987106,-0.749069523,-0.410630732,-0.494271598,-0.718396928,-0.444090337,-0.484772193,-0.619227283,-0.677131015,-0.618186569,-0.630518257,-0.808429251,-0.47539137,-0.515942649,-0.677214516,-0.764720487,-0.559369422,-0.617370544,-0.596556769,-0.587895575,-0.776870963,-0.661730841,-0.656172802,-0.72366658,-0.437992027,-0.661743131,-0.424861261,-0.458740191,-0.46206667,-0.479406419,-0.617502831,-0.680282437,-0.60195703,-0.586757098,-0.507282311,-0.608071485,-0.62466289,-0.517545417
WM_Pn multiseries,-0.125942387,1.664732463,2.604143208,-0.381270468,0.450445233,0.774400499,0.683887254,1.491599215,1.516676576,0.831161392,0.803750619,1.238714733,2.429449191,1.299181897,2.572077074,2.221332076,2.616118362,2.636973956,2.573940354,2.359767771,2.615552737,2.459544055,2.102924512,1.108224904,2.341275092,2.677621572,3.034546702,2.720566375,2.800896755,2.836374715,0.990936035,1.355820527,1.392576322,1.195231918,1.821526538,1.43235447,1.603656793,0.822716858,3.130909977,0.890873319,0.52966684,1.416677769,0.636402024,1.145641793,1.505861948,2.091448522,1.251847227,1.608975457,1.453573413,-1.036263341,1.631409492,2.648208978,2.41074416,2.759293526,2.739959168,1.447940292,2.030210422,2.187508845,0.8766677,1.27790396,0.524184691,1.890132998,2.963941333,1.73033842,2.120270779,1.120677848,1.000075575,1.323364277,1.343623822,0.572349139,2.137680514,0.921502616,1.306960186,2.810773602,1.114033765,0.73964298,0.99783525,-1.126205773,2.41396022,2.518790173,0.571808027,1.759320544,1.667051214,1.26493497,1.65565914,2.102083746,1.11266766,0.777983124,1.062282563,1.083833848,1.527994639,1.505669139,0.193634689,1.908359796,1.925053698,1.969031518,2.03936626,2.215947513,2.895962321,2.743638058,0.93657349,0.233264907,1.820359202,0.992624178,0.87597499,2.232280585,3.047621159,2.612025775,2.106986642,1.092967465,1.72829081,1.52199836,2.072532403,3.009686335,2.497194324,1.415579928,2.547027651,1.627783931,0.915958794,1.387032124,0.789517934,1.809419981,2.168005014,1.810333337,1.014402816,0.946448654,0.465862273,0.550386972,2.306336692,-0.117814217,1.948623034,0.975541016,1.605147485,0.365457544,1.111218035,0.309365826,0.964092488,-0.880881057,2.590784526,-1.305953594,1.99731269,2.087255458,1.677955923,1.845495928,0.421802834,2.926655732,0.074394925,1.400895937,2.818038114,0.316152043,1.886232331,0.679172052,1.318421206,1.319292247,1.667275571,1.633848725,0.95578982,0.301439651,0.203785264,2.321198776,1.133428457,1.888452448,0.578513905,1.682759521,1.954841084,2.686268484,2.152538066,1.839834951,1.212276343,1.271279851,1.169169065,1.18616329,1.321206194,2.684817254,1.891970136,1.832498002,1.404789281,1.095020015,0.764875947,2.720924867,-0.196022473,2.036656336,-0.158866926,-0.110321118,0.434247011,1.544941247,0.579018897,1.174761676,1.128926523,2.439396889,0.225176282,1.134407892,1.699044304,2.036055624,1.635746686,0.97423202,1.326952574,2.843888613,2.25709876,1.716138465,1.126466997,-0.317377335,-0.095067116,2.812104701,1.752536567,1.647986983,2.44523102,1.041050632,0.618040164,2.687405761,1.393414074,2.930431798,2.117066422,2.832486203,1.155243818,1.704284417
DOM_Pn subpacifica,-0.710073748,-0.677538522,-0.765184175,4.232832755,-0.213718934,-0.927403739,-0.666810949,-0.993857726,-0.702680863,-0.44712996,-0.77538272,-0.94178479,-0.953073223,-0.814104904,-1.091385775,-0.928558493,-0.453523783,-0.36893792,-0.529338513,-0.869106659,-0.454526942,-0.635548196,-0.808686522,-0.864825281,-0.828102272,-0.706837723,-0.575558504,-0.612071992,-0.676216471,-0.63719718,-0.963587661,-0.649525583,-0.506391093,-0.720623753,-0.598017194,-0.614745774,-0.613029724,-0.48904691,-0.512856028,-0.736848034,-0.572218613,-0.751643194,-0.825283906,-0.835769542,-0.59513554,-0.744476124,-0.638252568,-0.562308984,-0.541743814,0.332624698,-0.554288364,-0.511934296,-0.527785238,-0.773573579,-0.613401254,-0.685891853,-0.544182916,-0.620220137,-0.751609428,-0.607094648,-1.224387923,-0.846170263,-0.573410254,-0.79293296,-0.616365719,-0.87920176,-0.759664273,-0.995879387,-0.652960311,-0.797189319,-0.669801071,-0.693579407,-0.634875947,-0.846592511,-0.624568361,-0.549730426,-0.503748485,0.227375871,-0.861227916,-0.478847917,-0.081391491,-0.844234793,-0.658268386,-0.671741542,-0.613094142,-0.417938651,-0.391967801,-0.654476405,-0.624114183,-0.599570097,-0.562841964,-0.630282367,-0.953045332,-0.276989573,-0.544079236,-0.610615014,-0.679831362,-0.628944,-0.50946749,-0.621553591,-0.588697268,-0.779694425,-0.997708357,-0.735148828,-0.549446015,-0.81261168,-0.63976322,-1.03450836,-0.735083415,-1.228835863,-1.298076996,-0.726544126,-0.87046199,-0.733509508,-0.761904429,-0.729940463,-0.855165827,-0.861285278,-0.876939687,-0.192273004,-0.734895559,-0.785591847,-0.680219388,-0.729424212,-0.8370311,-0.663838972,-0.704337015,-0.798220941,-0.743715903,-0.280162863,-0.808016136,-0.766090032,-0.711842159,-0.707725478,-0.610251585,-0.691977747,-0.587682858,1.237814906,-0.66834936,0.399315139,-0.463028459,-0.836167001,-0.708252415,-1.207163598,-0.925187839,-0.641982766,-0.885524823,-0.715897822,-0.18351305,-0.887273502,-0.84869592,-0.523707359,-0.735820141,-1.01198102,-0.865261858,-1.000826338,-0.728500111,-0.681824567,-0.660025301,-0.666302954,-0.951912811,-0.480289094,-0.830350749,-0.729052675,-0.567927076,-0.576591061,-0.431320921,-0.470037024,-0.800679774,-0.643170398,-0.60675522,-0.845410519,-0.425643741,-0.521086991,-0.746597169,-0.710487377,-0.627931858,-0.593821452,-0.547987106,-0.575533491,-0.410630732,-0.50498292,-0.718396928,-0.444090337,-0.484772193,-0.619227283,-0.677131015,-0.618186569,-0.630518257,-0.560332702,-0.47539137,-0.515942649,-0.677214516,-0.565514159,-0.559369422,-0.617370544,-0.596556769,-0.587895575,-0.776870963,-0.661730841,-0.516225585,-0.72366658,-0.437992027,-0.661743131,-0.424861261,-0.809597171,-0.46206667,-0.479406419,-0.617502831,-0.615791735,-0.566732233,-0.586757098,-0.543388822,-0.608071485,-0.62466289,-0.659942515
WM_Pn subpacifica,1.743791714,0.907155681,1.090972059,-0.381270468,1.337142622,2.307998285,1.314547116,0.875332181,1.419941882,2.654560067,2.322129129,0.457667849,0.942806053,2.385027849,1.011788747,1.209680564,0.606991716,0.591200157,0.808423287,0.708634345,0.571620409,0.987721965,1.778019545,0.716370243,1.298236901,0.260868513,0.627556441,0.841252997,0.947647635,0.750716267,0.647594926,2.327229177,2.44347789,2.565382639,1.873665123,2.815279691,2.255970841,1.21946612,1.250369678,1.810056308,3.50420258,0.406609476,0.801970409,1.216075134,2.128464726,-0.105141596,2.45405273,2.514804478,2.685945906,-0.386242019,1.792390946,0.218325934,1.297131887,1.414632401,0.783658058,2.280943747,2.451933097,2.251836793,1.84644768,2.450469923,1.897246824,0.784854176,0.993776659,1.911794516,0.830342689,0.158455019,-0.065014972,0.788206998,2.420658849,1.713244181,1.136927017,0.206846156,2.340070211,0.093544104,1.437203603,1.634802258,2.904260219,-0.483452747,0.120041896,0.786413105,1.248367555,1.497282963,1.952768677,2.400292169,1.917022649,2.361557454,3.09186457,2.307393823,2.46655419,2.497758229,2.18929294,2.110162453,0.198873019,1.490389825,1.429777354,1.195300877,1.187507951,0.236999137,0.174280428,0.452347498,3.434215478,0.216318931,1.205691146,0.677758088,3.285820946,0.999151786,1.398329711,0.584326859,0.272563391,0.804878648,0.498551003,0.375853516,0.811684358,0.469568957,0.782119198,0.257248922,0.405876176,0.296488094,1.426317976,1.042810167,1.109869848,1.627642566,1.062982175,1.749743465,0.37232835,0.069362496,0.296906934,0.390950271,1.644521844,2.799757032,1.537346225,2.638839693,0.082053835,2.662651984,2.453568105,2.571106541,2.413647885,-0.206431473,1.104505082,-0.727666877,2.303561203,1.21385225,1.85266516,0.41447567,0.601445509,1.23465912,0.372285617,0.644979175,0.339463754,0.663492595,0.730432195,2.85428955,2.232867407,-0.4575674,0.719882885,1.064984625,2.786042678,2.792574698,2.619207298,0.97915977,1.049425341,2.357431114,1.439115949,0.742339306,1.559214472,1.571117315,1.40409626,1.745952824,-0.272073257,2.340443137,2.668717573,1.960968577,1.067688014,1.46616531,1.517492187,2.41787475,2.466759439,2.351334105,2.350545894,0.643419656,3.240800697,1.13849929,1.448463326,3.254702201,2.607026896,2.229490273,2.889703894,2.448179874,2.594933687,0.862680291,0.965825918,1.999921044,2.37882399,0.091069561,1.884559459,2.783754503,2.073046409,1.294604929,0.776533979,2.461560556,2.52136205,2.199061558,3.160073222,0.241344348,1.810416515,2.369548881,0.854569097,1.769252233,2.701877336,1.073346235,2.167220003,1.614317718,2.577125906,1.338568954,2.382620367,2.463690439
DOM_Pn subpacifica,-1.168249258,-0.930384917,-0.79467948,0.148224169,-0.435875181,-0.976128108,-0.907866846,-1.126285781,-1.02789843,-0.659008009,-0.789045041,-1.176563734,-1.044191074,-0.790143375,-0.970320867,-0.931786203,-0.649670746,-0.442265716,-0.616769209,-0.658344276,-0.754634823,-0.741108797,-0.750812827,-0.864825281,-0.549920165,-0.687592186,-0.589158136,-0.614232984,-0.58861091,-0.560520674,-0.963587661,-0.6127222,-0.538231453,-0.720623753,-0.540526933,-0.614745774,-0.613029724,-0.632700441,-0.46863776,-0.736848034,-0.553781785,-0.751643194,-0.690960176,-0.835769542,-0.59513554,-0.744476124,-0.638252568,-0.562308984,-0.541743814,0.14400121,-0.703968291,-0.522807315,-0.680317458,-0.71879231,-0.647138725,-0.685891853,-0.562774957,-0.620220137,-0.751609428,-0.607094648,-1.062903292,-0.809147876,-0.573410254,-0.877780787,-0.703051074,-0.230674914,-0.759664273,-0.995879387,-0.602189563,-0.634261883,-0.669801071,-0.733029657,-0.634875947,-0.758275599,-0.941586884,-0.530659033,-0.514345202,0.040861501,-0.843010494,-0.466321121,-0.861855122,-1.381018537,-0.658268386,-0.671741542,-0.613094142,-0.417938651,-0.391967801,-0.654476405,-0.624114183,-0.599570097,-0.562841964,-0.630282367,-0.953045332,-1.040374251,-0.878823883,-0.853687747,-0.724046631,-0.569196818,-0.576533248,-0.549995192,-0.581625384,-0.890560067,-1.126666168,-0.735148828,-0.549446015,-0.81261168,-0.63976322,-0.740272058,-0.797715527,-1.238481283,-1.017137083,-0.892132274,-0.875767868,-0.733509508,-0.761904429,-0.749885846,-0.855165827,-0.639887433,-0.876939687,-0.202186364,-0.734895559,-0.785591847,-0.676354364,-0.729424212,-0.8370311,-0.663838972,-0.5047176,-0.798220941,-0.743715903,-0.651805298,-0.808016136,-0.766090032,-0.711842159,-0.707725478,-0.610251585,-0.691977747,-0.587682858,0.759046563,-0.825486755,-0.081944423,-0.597282363,-0.836167001,-0.821870216,-0.696693011,-0.925187839,-0.805674013,-0.885524823,-0.813937243,-0.511505118,-0.887273502,-0.84869592,-0.504074612,-0.553174614,-1.01198102,-0.489794119,-0.492872059,-0.728500111,-0.681824567,-0.660025301,-0.666302954,-0.951912811,-0.562593923,-0.830350749,-0.729052675,-0.635508014,-0.52218473,-0.646592442,-0.672303672,-0.800679774,-0.710516552,-0.550532032,-0.845410519,-0.472869786,-0.521086991,-0.746597169,-0.710487377,-0.627931858,-0.593821452,-0.547987106,-0.662145846,-0.398386764,-0.492142896,-0.718396928,-0.444090337,-0.484772193,-0.619227283,-0.677131015,-0.618186569,-0.630518257,-0.992609207,-0.47539137,-0.515942649,-0.677214516,-0.403049895,-0.559369422,-0.617370544,-0.596556769,-0.587895575,-0.776870963,-0.625889988,-0.656172802,-0.72366658,-0.425296282,-0.661743131,-0.424861261,-0.90708996,-0.46206667,-0.479406419,-0.617502831,-0.699578168,-0.577454651,-0.531558426,-0.562529785,-0.608071485,-0.62466289,-0.659942515
WM_Pn subpacifica,0.849308641,0.349972654,1.048109503,-0.381270468,0.693982825,1.554344595,0.416623865,0.209060836,0.723129831,1.786950458,1.918965495,0.058265027,0.111590707,1.281895867,0.009677237,0.271979691,0.231586295,-0.130111827,0.381740405,0.297401464,0.254769067,0.778170313,1.351013555,0.464444152,1.008641975,0.107187416,0.604281304,0.405863359,0.648643405,0.49659871,0.136271617,2.095244044,2.010137049,2.046558776,2.152090085,2.026190157,2.419292354,1.160608875,0.867730909,2.069421233,1.698007048,0.240069452,1.579318867,0.885572614,1.666625847,-0.091573965,1.86674646,2.047868849,2.095836302,-0.369203622,0.692174456,0.271124612,0.880475077,1.078277038,0.608625139,2.112291009,1.810488776,1.757155823,1.341168776,1.836483284,0.962436009,0.268309015,0.756126345,1.137098967,0.443678643,0.430899414,-0.055236261,0.095402248,1.867592614,2.617064367,1.038083069,0.382640121,2.265551666,-0.016776738,0.173902077,2.432432043,1.718590462,-0.466604867,-0.06765582,0.181610054,0.67902317,0.47375336,2.32228568,1.824756879,2.242128186,0.378917896,0.021971457,1.965391978,1.844701551,2.087894523,2.257986966,2.268877739,-0.086508308,0.823915418,0.714723026,0.871530325,0.851975581,0.156627982,0.069984421,0.206401941,1.554700423,0.057573152,0.61030042,0.594424281,1.71807323,0.821401291,1.170268288,0.286388883,0.015167094,0.537346429,0.485631962,-0.039519362,1.142450626,0.37073035,0.538905113,0.163282411,0.073704083,0.648554304,0.427654695,0.871799228,0.865770329,1.323623086,1.048000796,1.650110785,0.017620173,-0.011718223,0.143294777,0.208506068,0.782609942,-0.1965986,0.967447852,1.776867395,0.337476566,1.670539685,2.071807431,1.632658637,1.614467773,-0.318527961,0.980422781,-0.559884721,1.876928996,0.629698146,0.719439387,0.628311747,0.294983681,0.097687769,-0.058807055,-0.134173485,0.27507956,-0.158059792,0.168470698,2.472976442,1.975327488,0.128805662,0.669836011,0.901993539,1.441056041,1.745612985,1.59785785,0.519747952,0.357778191,1.916966086,0.467010768,0.557120563,1.584888342,1.31747003,0.907249943,1.855421891,0.411039157,2.066745088,1.856300357,0.905414437,1.64942177,0.976998182,1.269221028,1.808778957,2.018701991,1.911591772,1.64668068,0.238628159,2.527957941,0.661509375,0.131055336,2.450366835,2.974029812,1.925212005,1.461356898,1.923033359,2.244997901,0.665352279,0.642495987,1.341978479,1.7965224,-0.019981491,2.314186865,1.464973174,2.423906232,0.717038887,0.336348653,2.12125162,2.041444262,0.502205418,2.323861541,0.001665798,1.620966923,1.366168742,2.529266051,1.854497489,1.818722217,0.821009392,2.298925123,1.169821861,1.444413337,0.974692459,2.262314154,1.471349503
