sample_code,1-hydroxy-2-unsubstituted benzenoids,Alkyl aryl ethers,Alpha amino acid amides,Alpha amino acids and derivatives,Amidines,Amines,Amino acids,Amino acids and derivatives,"Amino acids, peptides, and analogues",Aminoimidazoles,Aminopyrimidines and derivatives,Aralkylamines,Azacyclic compounds,Azoles,Carboximidamides,Carboximidic acids,Carboximidic acids and derivatives,Carboxylic acid amides,Dialkylamines,Diazinanes,Dihydropyridinecarboxylic acids and derivatives,Dipeptides,Fatty amides,Guanidines,Heteroaromatic compounds,Hydroxamic acids,Imidazoles,Imidazolyl carboxylic acids and derivatives,Imidolactams,Imines,Isoleucine and derivatives,Lactams,Methyl esters,N-acyl-alpha amino acids and derivatives,N-acyl amines,N-substituted imidazoles,"Organic 1,3-dipolar compounds",Organic acids and derivatives,Organic nitrogen compounds,Organoheterocyclic compounds,Organonitrogen compounds,Organopnictogen compounds,Peptides,Peptidomimetics,Phenol ethers,Piperidines,Primary carboxylic acid amides,"Propargyl-type 1,3-dipolar organic compounds",Pyrans,Pyridines and derivatives,Pyrrole carboxylic acids and derivatives,Pyrrolidine carboxylic acids and derivatives,Pyrrolidines,Secondary amines,Secondary carboxylic acid amides,Substituted imidazoles,Tertiary alkylarylamines,Tertiary carboxylic acid amides,Valine and derivatives,Vinylogous amides,Vinylogous esters
Exp2_Pn-delicatissima_A_DOM_I,0.29822638639664667,0.3511694519818011,0.3041097866962127,0.5430159165462749,0.22474747520560814,0.6870995038233054,0.444192183920097,0.7630573971419883,0.7583850241488137,0.2097001214109263,0.3417768012769764,0.28552552189372354,0.7993999933764718,0.5174181608296647,0.20888003969143581,0.3110412674461001,0.3261690259961186,0.5836334830460801,0.3459775875631584,0.16710968844953825,0.2792980576692852,0.34283103782197877,0.34545482756865337,0.1701318882608288,0.6525057247107277,0.06328779298136195,0.42676081095024715,0.16090157165093727,0.3261690259961186,0.27992636150072636,0.12549570531395968,0.35013620569939,0.5653647089756837,0.4346683836445795,0.32008016435576775,0.36687629984314063,0.460724517352998,1.2457270994310785,1.104238387193954,0.9973563606760514,1.102580969063204,1.0603861038546252,0.2624906308672935,0.11859943334659404,0.3343190442440097,0.1681228942962163,0.23745559610468303,0.475214959257011,0.32671773913777363,0.3897014543143782,0.2523357754520351,0.22703804693595878,0.2208807120750294,0.40327023159751707,0.5605641051247723,0.3868476585637485,0.13705467958745904,0.24956430006370461,0.18360401027891857,0.3728105541748034,0.23230096326947633
Exp2_Pn-delicatissima_A_DOM_II,0.3130061839201878,0.3661013337949943,0.3503085891659717,0.5832709823404789,0.23874831306633554,0.733080526461322,0.47512391583368857,0.8295295146016382,0.8254409534142778,0.22122697764814403,0.3610870612713344,0.3014420460531449,0.8586225897833071,0.5522228398124142,0.2194905476982728,0.33330206831584475,0.3491580302834635,0.6349919257691378,0.36164700878088074,0.17299416850716104,0.2955121431140955,0.38028410300675547,0.3818932481989158,0.18048375683626236,0.6884964034176312,0.09828885638083633,0.4561983077141873,0.17624133228117755,0.3456872468687211,0.2928427717285755,0.13650631116230516,0.3677603474954004,0.524880828634321,0.4787564903327435,0.37051194302650514,0.3888048227052563,0.48909880669902406,1.2357013584367054,1.2902429186796978,0.9968282479220358,1.2847230993222523,1.1942882594924347,0.2921720681530931,0.140568247797814,0.34626772493674235,0.17943215224336218,0.25666798363096105,0.5080608916541847,0.309831625024051,0.4099993059282945,0.26630816053093953,0.2435395929771283,0.2363191130841573,0.42251843542590567,0.6119397146338674,0.41252616996254404,0.1418970546041639,0.2618988485241167,0.21241221373944436,0.39248646164565737,0.2346867440435124
Exp2_Pn-delicatissima_A_Unfil_I,0.1666008620102752,0.3899385255996341,0.2608231402166277,0.610343768282227,0.24429027438629516,0.7080905133169675,0.41829376967076887,0.7953988301841435,0.7858981634807816,0.25779700312304527,0.422988632277646,0.338863464426143,0.9174271452982441,0.6214775415764565,0.23005911869133103,0.34987749818444613,0.36136712390670783,0.5270560040511929,0.3948911097857275,0.184067689751395,0.3444073189807338,0.3568079176963816,0.32091629268629573,0.18267328101285787,0.7943986494683207,0.03162804943757168,0.5049177606384087,0.18819174115886414,0.39489110978572756,0.3107551425828315,0.1418970546041639,0.29852296919768434,0.5670213854227976,0.45483896064314444,0.26874154235911984,0.440098043549124,0.5418850235652489,1.2216959072106155,1.2432569892589052,1.044891212975064,1.2432569892589052,1.181569356717088,0.2608231402166277,0.1268308680377276,0.36287640117662096,0.14715935225157775,0.24215115787296,0.5653647089756837,0.3192421544652778,0.4523000639627038,0.2410750520294094,0.15224496336413898,0.17699078348623626,0.4592581018802466,0.5241759336737,0.4617699604175846,0.14887328003763659,0.19089392711174488,0.1711278811067632,0.389226970077809,0.25268025514207865
Exp2_Pn-delicatissima_A_Unfil_II,0.1587802146457607,0.3733016248551356,0.2334143952757577,0.5575988266995366,0.23781982846946154,0.7070782797544822,0.4108344831213947,0.7758975917212412,0.7683948863591131,0.25371113070835816,0.4223203404103581,0.29673956650916444,0.8789429257260171,0.5845392446831996,0.2289305587505595,0.3340500998785385,0.3483218992286966,0.536779066667737,0.3688629842266244,0.16037377284455004,0.2667818759132061,0.3575711036455103,0.29133177076965755,0.17842763716226842,0.7388308714132713,0.03162804943757168,0.5031442898303006,0.18545208876013616,0.39629720591905804,0.32091629268629573,0.1288082185713109,0.3073036114385614,0.5435808577883632,0.4452650579915497,0.27165712367757405,0.4381490305841703,0.5031442898303006,1.2432569892589052,1.1675260951973796,1.0081985129366022,1.1640743930289434,1.128109318399272,0.2638177411323912,0.12683086803772764,0.3308083284388837,0.1488732800376366,0.22320826908703012,0.5241759336736999,0.28950937099985324,0.42631831877515025,0.2255134058981312,0.1454258194533693,0.19749553586205984,0.438799402461158,0.5183868456667529,0.4617699604175846,0.1364376140257385,0.20515150262242235,0.1681228942962163,0.35374160588967146,0.2506068883856284
Exp2_Pn-delicatissima_B_DOM_I,0.28225721299500633,0.3327026174182236,0.334661072487387,0.535761396095547,0.2436115205390263,0.6723153665191975,0.4381490305841703,0.7681219987663078,0.76751556334255,0.19980586862425057,0.32875605567751637,0.2776930067784381,0.7811556882494781,0.5101969278709401,0.23236858473052793,0.3227592993363752,0.33563667106547007,0.6374929610496389,0.35653006183926267,0.16497181850353837,0.266573269850989,0.3666047103433672,0.38218523894572115,0.2097001214109263,0.62827967096144,0.12463876839368525,0.4249887829624035,0.1731926283581206,0.31870788887420415,0.28395189844332225,0.1294607710031106,0.34621498778638743,0.5044881922848293,0.45564468780802947,0.36705726864991217,0.3523405416653133,0.46742482325604306,1.217054720905225,1.2110356173809114,0.9279266475892148,1.2064612715535972,1.1413876908537322,0.2794123886275561,0.15534768322086556,0.314611654068104,0.1844462362886975,0.31409638430368014,0.48306667085801697,0.30043108992518286,0.3799909465538552,0.24166256590779256,0.22341874291657762,0.234388819935292,0.4111033960265251,0.5934449154368756,0.38174718604205027,0.13180706636749268,0.24425799209517762,0.2013579207903308,0.35791756320162255,0.2191734520607586
Exp2_Pn-delicatissima_B_DOM_II,0.29180144193886665,0.35585863839891574,0.3257522344787009,0.5690554018160376,0.21333990470328754,0.7158639024829486,0.4973064178502049,0.7791911074185379,0.7857429910109898,0.21333990470328756,0.3505462438963634,0.32289822449699024,0.79988294795841,0.5196078113576109,0.20047625012345635,0.3408110554902579,0.35374160588967146,0.6049550838800807,0.3494757403724977,0.16151824998488795,0.2880251135780254,0.40726737293571247,0.3574396156307952,0.16151824998488795,0.6531727061737531,0.07198163954285895,0.4318327809263994,0.1668642345724382,0.3336324090873854,0.2816315952488126,0.13431025790122147,0.3274544261462247,0.49359646287073883,0.4760338180613227,0.3094795987115482,0.36937536877761046,0.4794121221306268,1.2519304467166559,1.2377215287632812,0.9614257130519502,1.2283466809706276,1.1687695162475946,0.3574396156307952,0.14433966254685313,0.3353005288873242,0.16260099970264416,0.24891516608096567,0.49771752789451756,0.3022744164145358,0.3884406117955741,0.24746706317044778,0.2013579207903308,0.20484872598107423,0.41151684606748795,0.5886346211879829,0.39187173179375007,0.13300479860520464,0.2408518566202239,0.16999406989399535,0.3595386728890091,0.22787516398957888
Exp2_Pn-delicatissima_B_Unfil_I,0.1587802146457607,0.3661516968085955,0.24842236376772966,0.5865623433047169,0.2327064188148122,0.6665550453301308,0.4146076917177437,0.7863072548074165,0.7790343552206367,0.24166256590779256,0.4021356198790585,0.3344167968037026,0.8528755292952453,0.5711769341579729,0.22964932924157247,0.3387909653739396,0.35374160588967146,0.538174380187336,0.35444041854003383,0.17139855035163792,0.25501765175940155,0.3502302417838495,0.317943312119688,0.17803686917534756,0.7234213966741947,0.03693584504964715,0.4893017347112695,0.1831815113025242,0.3821852389457212,0.31640938542571556,0.13005122266071176,0.2998946688701559,0.544350692476304,0.4422758631148771,0.26236968292655904,0.4207375772502385,0.5167482362558582,1.2128787635932738,1.1879547578686833,1.023372459920963,1.1840354067596859,1.1506686973167182,0.2531493100887591,0.12278275875764601,0.3240164437640123,0.15285024925716928,0.2493743099545502,0.5392065932594519,0.30627736916966947,0.42317075639697715,0.21810007175065443,0.13694268748109267,0.193078040871879,0.42012762947817855,0.508773529429413,0.44637498377374024,0.1386133076185414,0.20366502681573126,0.16450352385776087,0.34168082631304425,0.23672557863603313
Exp2_Pn-delicatissima_B_Unfil_II,0.15383218089161715,0.35307210604885325,0.22047357828701544,0.5624291588457923,0.22250228795266455,0.665558411367038,0.3995226131974491,0.7584285658374902,0.7518948371056595,0.236248357441902,0.3921901966592124,0.2761649999597932,0.8058386390619877,0.5454207366022585,0.21636287721824268,0.3253564376092483,0.3401442303333122,0.5271060085719093,0.34631816289433526,0.1509343064507476,0.24929166420744187,0.3380652547803307,0.30164078471071926,0.16891175868414626,0.6842754146003363,0.03612361178894319,0.4706760096493511,0.17408301063648046,0.3695089395069588,0.3008735878473904,0.1434416720650467,0.29310485197035124,0.5556603049037623,0.4754998882278977,0.2923179888998522,0.40913966264674717,0.48029078110082235,1.2117358976400472,1.0815422310730276,0.9227721377553912,1.0789265942402049,1.0608622305075825,0.2564711706323156,0.12188531634467903,0.3159078035101264,0.13875765255614406,0.21842727504946396,0.4996628628761061,0.26861413132915435,0.3976994150920717,0.21217767305658325,0.13554747542609505,0.19112718168686726,0.411516846067488,0.5140062322788413,0.43074711586355857,0.12717691523735153,0.19459410093302137,0.16222518186004617,0.32963892923978405,0.24098126846624923
Exp2_Pn-galaxiae_A_DOM_I,0.26776332715719386,0.3214474015395024,0.31036460345891964,0.4993150405930211,0.21658897942725852,0.6227253165583579,0.3696732182796768,0.6984146193701328,0.698783804713125,0.191867561485691,0.27130522288972864,0.28100865721518986,0.8259881859807545,0.5252767176451408,0.27095291088346823,0.33162129115763994,0.34867595148073927,0.5553692065120233,0.34124865863798587,0.21745366452306267,0.2612788676602053,0.34754192716488624,0.3426874384522192,0.23128444209461207,0.6206130770533154,0.07267751123673002,0.40175686490598683,0.20320558525338628,0.2501334776274248,0.3211440031025766,0.141246251618595,0.3971899678494711,0.550691226340126,0.3850664249219621,0.3241670204984603,0.3005382733906193,0.5038434037059951,1.241841987397692,0.9955293450198451,1.0564854938455397,0.9779398273613075,0.9830513266661011,0.307224775757363,0.2004280535204208,0.2830491909746637,0.2013579207903308,0.2221531103538374,0.505347097242005,0.282710013934035,0.38192245528378266,0.2255134058981312,0.2280033324632501,0.29892698375925286,0.3811332374023953,0.5102680324289902,0.3520597747637285,0.2275901048951354,0.3253694874710235,0.14949179781255828,0.3615045441221855,0.26054935654536854
Exp2_Pn-galaxiae_A_DOM_II,0.25746968747845184,0.3046926540153974,0.27339923553947354,0.481752525185249,0.20864138336801927,0.6254247274820657,0.36838313321733285,0.6637167374619063,0.6640490847507045,0.15565115113133535,0.3102839228921272,0.277099185056669,0.7970121109504956,0.5028578735481364,0.26744708528366534,0.3260272946205282,0.3439503121191598,0.5286128790646668,0.3141462810570606,0.21453284588204574,0.24644640020846542,0.3268238508420521,0.31000644440604097,0.22290921381675527,0.5948515525591229,0.06725283584044395,0.3888133373156641,0.18420209769422397,0.2810581808951823,0.3083370196780818,0.12605729729987525,0.3908780458240482,0.5112170289971386,0.36282779503884327,0.296133370276517,0.3080580176838315,0.48937241919800184,1.2355763516732232,0.9792505373767907,1.0251226359616352,0.9645281211871004,0.9735145497297856,0.28675655221154833,0.18906742969629584,0.27059449353585446,0.19381639734733033,0.22955008458176704,0.4926694749754536,0.26996765844553233,0.3671812779255714,0.21180265883760083,0.21414481952493278,0.2923561059763818,0.356955736015803,0.4786030698100189,0.34648285707267085,0.21492021513404685,0.30972875006012107,0.1401585783422844,0.360390649928932,0.24678705145206045
Exp2_Pn-galaxiae_A_Unfil_I,0.2086204363437745,0.1756191703002793,0.2733829087626932,0.4744167276884295,0.12911772427660737,0.5428374442242454,0.3439101995526625,0.6297379854168771,0.6341549123490386,0.17638243940656492,0.31555893099788396,0.13217381377242202,0.6230888424184551,0.49263891870851695,0.2963157996856676,0.29204836910561943,0.30515212567725497,0.46889024919036526,0.2224757065469208,0.12169555468280652,0.08896965993049862,0.32870385882405057,0.2977262919074932,0.2882083106926581,0.4935855884957679,0.06887917161416854,0.407192517524796,0.22970328768928977,0.2784030252928327,0.28529823844410285,0.11024711691167166,0.3146658505524981,0.48915755471936706,0.368079807723954,0.2867565522115484,0.3092605647525208,0.45136212609332477,1.2425233616985918,0.8577557198135726,0.9022483828098846,0.8375981995211543,0.8866143516122483,0.3060692629521102,0.2193988009240936,0.16045722091975242,0.14283389561924872,0.21184395888191568,0.43951741793113847,0.24746706317044775,0.22970328768928977,0.09473215732611741,0.11024711691167166,0.23730208064281663,0.24802054303350557,0.41473744788492906,0.37237073202780013,0.16294147861051939,0.2662121740443669,0.08896965993049862,0.22910909568487783,0.1910351398637644
Exp2_Pn-galaxiae_A_Unfil_II,0.28263459200949925,0.2255134058981312,0.28401449159204184,0.47284395890839037,0.18819174115886414,0.6152832764729325,0.37596615202304917,0.6431152628633727,0.6452363451669872,0.16631753316789163,0.3063066482984786,0.23304379898941596,0.7332667264088358,0.48529374906600464,0.2941801274492818,0.3046926540153974,0.3205139463029973,0.5091493909382045,0.2663081605309395,0.19119192660293763,0.17299416850716104,0.32604698268024274,0.306628557876357,0.27810780090042797,0.5478593901105766,0.06530941838723667,0.38001538316392325,0.20182990751599975,0.25363490074314077,0.3126899856975813,0.1038239715091311,0.37242824895411947,0.4861908294562959,0.3585584272897251,0.29150000152307665,0.29351212170904617,0.4762611093497519,1.2116747173674671,0.9305777051837998,1.0080548652820525,0.9153756494043919,0.9284530174225517,0.29783053910869334,0.19119192660293766,0.20649370088352437,0.18768727349980635,0.2229507716459351,0.47238706814159787,0.25210588344142226,0.3063066482984786,0.19119192660293763,0.20695462486981273,0.26776332715719386,0.30533914482192726,0.4606315088257073,0.34481499958812245,0.2051050722147774,0.30144204605314484,0.09828885638083633,0.3275697333473397,0.20088488585914221
Exp2_Pn-galaxiae_B_DOM_I,0.2799834175611724,0.3174838049830861,0.20503751937242326,0.4278856171683272,0.19089392711174488,0.5956000579376698,0.37769808151868123,0.6136786497452975,0.6096177238595272,0.16252248892066457,0.26811941431310515,0.2674068121010265,0.7646649495096466,0.470656450784188,0.24631621933394393,0.30085962295092594,0.32235612619454174,0.4884246874736321,0.30373836254126224,0.21309738473729037,0.242443877892042,0.284739677118145,0.2594515993544063,0.1957160596954078,0.5847861495094016,0.06880945139260189,0.35234054166531326,0.19235262174788406,0.22299760999104165,0.3153318087586511,0.11305590100385297,0.3734354627633255,0.5132488604358588,0.3304382383793165,0.24861302011537073,0.2634564025690629,0.46568994089015275,1.2065522975950373,0.9366013169346814,1.0148185556135796,0.9199244329233898,0.9386977629796969,0.23087667152103036,0.16701728554071385,0.2820305695481969,0.17354930722018702,0.2082068031288273,0.4688546411430307,0.28100865721518986,0.3636974823180053,0.221729735101496,0.2108876112955704,0.2857496960249186,0.344693267101967,0.46205479442375746,0.31130118295065223,0.2196014300283774,0.2748059883228621,0.10550903338696799,0.37048201506472245,0.25761256265782084
Exp2_Pn-galaxiae_B_DOM_II,0.295692348289054,0.3079349978371576,0.27627734216416094,0.4797690526735908,0.21355164107956515,0.597807806877132,0.3837411753129149,0.6468523779617797,0.6461473837620162,0.15631914426579516,0.2427874500851365,0.2596814224469795,0.7626784814410149,0.46301171233565863,0.2975115122196018,0.31777463308008513,0.33452860271117835,0.5290615897275475,0.31404394303911387,0.20732890151105385,0.255206953532321,0.3331599084551065,0.3085213242187539,0.25241755525751997,0.5632456376492612,0.06643243299658019,0.34344624080407377,0.183761314882417,0.2159935481763443,0.30852132421875395,0.11743979075696562,0.383252708775082,0.5383494122754708,0.40242431516110233,0.2996215894280105,0.2534668625669487,0.4999782062028068,1.247635991127665,0.9443323189723322,1.0211561107380747,0.9290616684997673,0.9466536929120369,0.30998291936662464,0.1828155491194934,0.2762773421641609,0.1952146461036074,0.20436399139208247,0.5035955487646995,0.285190869473623,0.3688629842266244,0.23013544517749132,0.214368508368263,0.2914087683807224,0.35685970160675284,0.48922744885354924,0.30022207658758276,0.21232081156492316,0.3046926540153974,0.12923992768801465,0.350337799718163,0.2565912762694362
Exp2_Pn-galaxiae_B_Unfil_I,0.2311825620097137,0.1910855489408458,0.2767268029911287,0.47119446579161606,0.1367024032175685,0.5435808577883632,0.3803992221981174,0.6412675033866163,0.6479596556955143,0.1881917411588641,0.25779700312304527,0.155312279333266,0.6796106835184004,0.51029850391207,0.2807770502728005,0.3065596020526962,0.3187624410740583,0.4786594322208994,0.23277875271069412,0.1469129211286686,0.12130495330300817,0.3548392291125204,0.3102641101463335,0.2841128274554726,0.5198792161718006,0.07325801396792259,0.4026762197025961,0.19952751491168813,0.23277875271069412,0.314538088785469,0.1271151886937602,0.3317372905747288,0.4782225063996546,0.3926735714945982,0.31756042929152134,0.34204061589766455,0.4703109353588003,1.2231428857892552,0.9284116538995628,0.9302740141154723,0.9246930145932737,0.9437461612379622,0.3157500214556913,0.25268025514207865,0.16440300778515082,0.16768938455292712,0.23357305550441762,0.4542051801465537,0.24896674127526996,0.2504581903727122,0.1242433383137136,0.13932331149653365,0.243680860768692,0.26067976227406847,0.4301943423075588,0.39368275770630473,0.15056827277668605,0.28010564559039797,0.09835655767718864,0.27331059393413776,0.18916102454723766
Exp2_Pn-galaxiae_B_Unfil_II,0.2487400499592814,0.22689983723493723,0.2659764381390629,0.45755904990009744,0.13638138218171433,0.5518458149654396,0.3720058552132219,0.61772781460897,0.6225334197501331,0.1731926283581206,0.23969902799833576,0.2205970262914197,0.7170032499353252,0.49039659081009623,0.2611574109030243,0.31358038243930686,0.328259900189327,0.4749169548789827,0.25063842001251135,0.18942455502720873,0.18777909090358605,0.3307343385814871,0.2977405093238745,0.2611574109030243,0.5340339437782348,0.07792874591253707,0.3751274088386014,0.191867561485691,0.21988631598687275,0.31046878891779356,0.12215795088843737,0.36296770740118717,0.5087735294294129,0.3728998785790174,0.30732988608550366,0.31768810107828,0.4969324907792199,1.2435306598867295,0.9219373266415447,0.9607913312305464,0.9178509735348641,0.932353271229417,0.299357404912045,0.23505865771025583,0.1974561570977717,0.1731926283581206,0.22551340589813124,0.48600742513231987,0.2416625659077926,0.2971998272540645,0.16590458687970577,0.18360401027891857,0.2917445476987276,0.29009032443373,0.4164538191705744,0.36524429704598305,0.21339039713266003,0.283388006339403,0.09707472909900709,0.3025684359130957,0.2316915468511471
Exp2_Pn-hasleana_A_DOM_I,0.3246380047088992,0.29388985474675827,0.2538005913946024,0.44181586947582796,0.18461059069219712,0.6190875313492809,0.3906490587243623,0.6211560370058086,0.6186274630833675,0.10856037927729871,0.26733700895773366,0.27030849210083424,0.7449191774278723,0.46852117691139844,0.2962338508799127,0.29388985474675833,0.31369261922020975,0.5027582261106271,0.3144325126093884,0.18400727306929165,0.2604302386774479,0.30658658637581904,0.2927116539203923,0.25469362103474874,0.5546896499546743,0.06259519252025411,0.34083485039647177,0.1784898578216938,0.21323119814968877,0.31109100498340214,0.11349582088334613,0.3688629842266244,0.51018919874076,0.36038002416136383,0.2786410865893497,0.25110411717618814,0.4768339527099783,1.2303066392726043,0.8891853528594497,1.0246406261124084,0.8721369161521384,0.914434430204822,0.28514992334448874,0.177866713713125,0.27030849210083424,0.16222518186004617,0.19743903357488968,0.4773668713020935,0.2859542403435842,0.35340698718358243,0.22098238603097295,0.2116490640273184,0.28393965052115716,0.3507205250652653,0.4773668713020935,0.3024062767414828,0.23624835744190203,0.28393965052115716,0.10549016103661614,0.3646416368501635,0.26605435436422237
Exp2_Pn-hasleana_A_DOM_II,0.3292838687251446,0.3321153106353733,0.26562555949274047,0.46581799593110823,0.19344501921195198,0.6209263477459137,0.40164153672966585,0.6314558165419142,0.6280302858099206,0.1105605612907702,0.26903862314497806,0.27533520759312197,0.7893112468209214,0.4776331798159446,0.2993340264177712,0.3020237430078093,0.32066201713114123,0.5220913302127099,0.31920567633768737,0.21688070132412257,0.26260627295438005,0.319570296420818,0.3050722609507502,0.2555838041665988,0.5850823670467624,0.0707697366622136,0.3469984763700529,0.1951662334278424,0.2328824997596994,0.30583024103144846,0.12007071295877898,0.39095766875065924,0.48452255009518236,0.3806693926907312,0.28954909631945014,0.2586774552013005,0.49655512770740445,1.2296166069240255,0.9341024215960649,1.0466956528356277,0.9155589503263153,0.9498699790489826,0.28915162560806307,0.177866713713125,0.30087358784739027,0.1702187186334482,0.20683447714814443,0.4975924306702758,0.26173782849800453,0.3809843981254748,0.236248357441902,0.22848753902232713,0.30431263373458095,0.3570735260933091,0.49186973255469146,0.30734130923495695,0.23767736415355611,0.29113417282552856,0.10956496142392569,0.38003875613701876,0.27157301081301594
Exp2_Pn-hasleana_A_Unfil_I,0.403461263959449,0.28356311417947766,0.2737840686875158,0.42544759366840107,0.15258963539102924,0.6119397146338673,0.4231498255769385,0.6023725706224969,0.6001549138745647,0.018570601197928673,0.16791374817285354,0.30105893009660617,0.7822946951942246,0.4412823002057811,0.2664087472974845,0.29677039464421495,0.31944460579479983,0.5421191123404776,0.28356311417947766,0.23482787890643347,0.2031104058639467,0.32575223447870105,0.3004495722243841,0.23785747827998763,0.5099516921263892,0.07198163954285895,0.2992275937081509,0.13560345092033912,0.12901108017911095,0.3040896704212119,0.09298159109019823,0.44661644665077527,0.5184068756919982,0.36422519390681024,0.30888476393736575,0.24746706317044778,0.49894954586763385,1.3161642022806643,0.8980735478505487,1.0576134268489017,0.8734386068969497,0.9183382528715381,0.29367348719722064,0.21500027878345424,0.2503555929410504,0.17408301063648043,0.21582597253973654,0.49152751398385536,0.2751059044753155,0.34353839556833465,0.24381231829129016,0.26504791559664437,0.3683500213361339,0.32117540055691884,0.4898682404695678,0.2842043543133944,0.2711230439849283,0.33083638987921504,0.09109771313982912,0.38794849854178587,0.27444570081769887
Exp2_Pn-hasleana_A_Unfil_II,0.4186481440823752,0.2896536135774686,0.28285286948627075,0.40863785509759243,0.11949206754057162,0.6680068512884919,0.41151684606748806,0.608016509944487,0.6029555363433774,0.022943586282549198,0.2013579207903308,0.36493344864847105,0.8254409534142777,0.5101220742634648,0.3046926540153976,0.3164498340465596,0.34556493720102505,0.5051663521373952,0.2789005825553138,0.22430292811026575,0.24746706317044778,0.3363795973312727,0.3252430910437537,0.27186066839274714,0.5581847578311185,0.06887917161416854,0.34803471052826684,0.14376479776018924,0.14000507802585907,0.3553581776725356,0.0828116372266875,0.4490111771723722,0.5927738922880509,0.40791567770412157,0.32697738152379563,0.2867565522115484,0.5587703537170912,1.315680687077477,0.9185451719565397,1.0073531108292881,0.9169092648516828,0.9349882212844282,0.3569687001285027,0.13014421251394798,0.2518636847182634,0.1931415506479164,0.21184395888191568,0.5546640937667463,0.2463566833092107,0.3625590860504977,0.20001073679725914,0.22430292811026575,0.4013711808725091,0.3287038588240507,0.4811837482771961,0.3304226479114834,0.33298668185976665,0.2667301302613027,0.06887917161416854,0.41651848289355164,0.3119733543840074
Exp2_Pn-hasleana_B_DOM_I,0.2883906650435817,0.2750765922797437,0.260711630224083,0.4630918216561401,0.1990776612022341,0.5976863594069285,0.36985307476287793,0.6591727874895774,0.6623831024816198,0.17666996308070693,0.256667983630961,0.25393969529205035,0.7913983074067803,0.49355054778061075,0.25981798645950194,0.32433425780963815,0.3405433988320471,0.5340569980151101,0.3039152806485445,0.22449162403476658,0.23353780630381668,0.3146459794451334,0.3054682996897615,0.23005911869133097,0.5781840275219088,0.07608508242150742,0.3721549795931807,0.19089392711174488,0.20022086178580223,0.3308987413967175,0.12140402216058993,0.40847745588229256,0.5302450713720298,0.3568079176963815,0.2984241370311477,0.2755013453162576,0.4874001506599044,1.2215230988294385,0.9728711317389281,1.035472243158982,0.9520206034961758,0.9643023339257351,0.2912307910766483,0.20860600501977095,0.2398741645037507,0.21509216925525085,0.22703804693595878,0.48659415763565617,0.2912307910766483,0.34195269666539224,0.22191799496145143,0.230059118691331,0.3116128333286751,0.3485815668211161,0.4817394311416704,0.3235978604036917,0.2398741645037507,0.3362857406901404,0.10666024958121857,0.35578823831966894,0.24369780784312975
Exp2_Pn-hasleana_B_DOM_II,0.2816178543692642,0.26817998240101554,0.25541356251707903,0.4521105924418933,0.19585796848803005,0.6030873911296473,0.36217057202149694,0.6441658737150526,0.6472647434078231,0.17283143737442744,0.2549780298613608,0.24836148776808759,0.7730564846717805,0.4840847657153852,0.2549780298613608,0.32528007306626067,0.3421247761238861,0.5265419629854216,0.29717680032281124,0.22008310999981762,0.22794183207784569,0.30949224397474107,0.30057931350457434,0.22502479429861427,0.5653882259597134,0.07586642954726461,0.3663252452516038,0.18615522748556865,0.20081434370970636,0.324576798698507,0.11787288084805204,0.4006701017130688,0.4984080493014171,0.34847108966477686,0.29450653681116895,0.2702545646524234,0.48071959175475876,1.212495767984248,0.9642972861069479,1.0279968597370939,0.9442260238483791,0.961800940141573,0.284789895031882,0.20459071078444427,0.23414610146272588,0.21143501863277225,0.2255134058981312,0.48046007915852923,0.28241383969435807,0.33465068085083094,0.2150354752289194,0.22502479429861433,0.30394839574017213,0.34145100705409587,0.47551125267119027,0.31711186911486505,0.23461704850968432,0.328777154530152,0.10435775532150113,0.3504552430078887,0.23602467087027285
Exp2_Pn-hasleana_B_Unfil_I,0.3730070450675099,0.3074769879781555,0.27320064246212,0.44487903829503905,0.12522700093370723,0.6642152378779665,0.4730814230550303,0.6839025699300517,0.6806332668136377,0.02000133357339049,0.17985349979247828,0.33742554174747297,0.7849981633547815,0.46614294932650957,0.2830491909746638,0.30886094983522405,0.3374255417474729,0.5217492756081634,0.33031973513705953,0.2474670631704478,0.2638177411323912,0.3512726378064959,0.3210832938832141,0.25164552372619503,0.5327881445409942,0.08008558003365901,0.31298089824232,0.14046141470985582,0.13754638882402187,0.36045907371492525,0.08255585671472296,0.43501736611672304,0.597829666187778,0.4032702315975171,0.3270465897866899,0.25247361885136055,0.5473011276376485,1.3508530750083831,1.0118620661181141,0.9850625425048772,1.0056527029391678,0.9986004526375117,0.3456640108139605,0.13456986643727625,0.2590113133167403,0.19196466671793314,0.2073962037268577,0.5468509506959441,0.2947668678944388,0.3806063666152356,0.2132732375171817,0.23095827907107058,0.3875150301914524,0.3652806283091622,0.49589051725782596,0.28822762364250615,0.29187652732742203,0.2677633271571939,0.12998050688814072,0.4049298801411756,0.2947668678944388
Exp2_Pn-hasleana_B_Unfil_II,0.3961411657573076,0.23915096412063652,0.2898138085417171,0.4190416281431491,0.12047627388090172,0.6365423160278603,0.4220230671309827,0.6030494342944357,0.5982833643832541,0.023572409013676156,0.20417437256963938,0.30078823794048093,0.7992888390293459,0.5132724746394473,0.3075925250655204,0.2978305391086934,0.32635201788950086,0.4955452920777848,0.27315787281833953,0.1477328059680738,0.25439626225518513,0.3433571381747951,0.3308987413967175,0.2774055164900358,0.5457746782734246,0.0707697366622136,0.34597758756315844,0.1418970546041639,0.1418970546041639,0.35459555558654415,0.07825343701049443,0.4359760106303344,0.6024546333849905,0.42867434751009054,0.3336014514117129,0.28981380854171707,0.5457746782734247,1.3340707481588634,0.8974447095481338,1.0594743034788556,0.8957359630619443,0.8997251142269896,0.3630437815746525,0.13787324536261517,0.23180451381873154,0.16744807921968932,0.20695462486981275,0.5382317554541786,0.29683889152697135,0.3605264010067372,0.20556893116117386,0.2280492036602261,0.35030858916597174,0.31237351029943194,0.48954517521658647,0.32999366469374924,0.3170919204120204,0.240355183126272,0.0707697366622136,0.41829376967076887,0.31332210582037034
Exp2_Pn-multiseries_A_DOM_I,0.12762540417333162,0.209372451400739,0.4118804199905243,0.487077859363578,0.1613226104849839,0.6618102154938763,0.4097865075389376,0.6714818626276793,0.6862836577378426,0.1001674211615598,0.1854520887601361,0.2047332713920053,0.5535819589836887,0.3575202663351722,0.2075615676220066,0.2763914212233486,0.285402159414409,0.5858061418569089,0.343567389318859,0.15856657156722065,0.09250792940545591,0.38875202883313253,0.45593603622620005,0.24464512117461212,0.43814903058417015,0.13730074876232398,0.2739694702773014,0.18229971882814086,0.1916083855401746,0.24164952433757278,0.17211833610864066,0.2947668678944387,0.3589414701802795,0.4096952823356923,0.43440651170277583,0.16771831874259754,0.37915445639215817,1.166695613026127,0.9782079765659959,0.7611887050982338,0.9754050894477384,0.9768416770217755,0.35772357988264974,0.1671096884495382,0.18782865452436523,0.19444126249279894,0.3071301496786401,0.375456178406265,0.21343431642660246,0.252335775452035,0.1333105218596834,0.19373673181864623,0.265928639312429,0.3738902225333747,0.5525379227811236,0.23348844914274353,0.09813703818516671,0.23730975859457623,0.19688827548641707,0.20871565952588558,0.1638269136211782
Exp2_Pn-multiseries_A_DOM_II,0.12458862317473436,0.202396837567855,0.4038541550141746,0.47184586819913205,0.15153998035296293,0.6507140758783535,0.3863314257481579,0.6520544512827952,0.6672962242305173,0.09381524869560115,0.16062172363799074,0.18828425854332995,0.5392487000948127,0.35080072556371644,0.20048827024422516,0.2713411499458651,0.2804255411102184,0.5792685613392232,0.3395842923397015,0.14691292112866852,0.0998249940874058,0.3738922232909563,0.455691637905742,0.23917559590734674,0.4234473406158982,0.1372053852470297,0.27028550380670285,0.1625495979673286,0.18548962171290972,0.2258253352693164,0.1700503352552796,0.2944387903938283,0.35080072556371644,0.39464200467703386,0.4362869267161685,0.17308329994491792,0.3700750447040271,1.1757711344358832,0.9646558316771985,0.7677754674089234,0.9616806392242929,0.9696779504553235,0.34847559950726414,0.16758600892189648,0.1851139655858889,0.1942976776740958,0.30776929441706496,0.36387973911448146,0.21709524108187184,0.24960693270602274,0.12458862317473438,0.20187801078030498,0.2642767565632608,0.3637774613222055,0.5449437925585561,0.23258926259396945,0.09344984988670137,0.23694927406347013,0.1994399563916782,0.21136446857481675,0.1591066825529395
Exp2_Pn-multiseries_A_Unfil_I,0.11996222144392793,0.18726732496566428,0.4025418857972104,0.4574748071528687,0.1538200133491229,0.6280690347459151,0.3735012333141784,0.6218176526822904,0.6371331773584342,0.1022748725807567,0.11670927211460431,0.19720903566854078,0.4971530663682774,0.3341184929364335,0.20286621522923318,0.26240043719353756,0.2718865329012842,0.563902442149228,0.333022777031386,0.13088737372045123,0.062477045682772805,0.35905482917651693,0.44133905014180363,0.23051672567053405,0.3942463337481062,0.14189705460416388,0.25572687468719574,0.185639045551199,0.15099626079675108,0.22060304011706341,0.15878021464576056,0.2840903295494277,0.3594410594639788,0.38763128274638914,0.42408563390408965,0.13571249097422783,0.3402262299073386,1.193939560893505,0.8991741186738951,0.7719219555925031,0.8925729156206339,0.9259715749219416,0.33616480799980275,0.17082461037846294,0.1579639763250733,0.19874710965335385,0.2918703769064754,0.3392822288101381,0.21820945467303646,0.23316948598408319,0.10596416135919909,0.203723360318222,0.25899762121608777,0.34076467157633333,0.5325556871867336,0.2231690077288029,0.0770971529345081,0.23986600398153798,0.15823650784190857,0.18657114959798474,0.15521322697753728
Exp2_Pn-multiseries_A_Unfil_II,0.1538449992587619,0.19370207167061845,0.4072377439331907,0.4572551807797781,0.1541395368347872,0.6570282609146183,0.3774114786367625,0.6298663303714669,0.6465675818370348,0.09651217009517127,0.11867540350773671,0.1920409309486858,0.5142691382740887,0.35470217977467444,0.2236628112694555,0.26706262285835447,0.27536488163623,0.5599823132460169,0.34569761968622315,0.14316703639248735,0.06342909239646333,0.36753358060410773,0.44897512495276737,0.23594110126419662,0.4047769778123878,0.1389983315903098,0.27193332972075174,0.19768107850095715,0.15026695558598588,0.2201276901809439,0.1576324330002828,0.2856025993906413,0.3023448266717694,0.3744046333068294,0.43313134502864303,0.15878021464576061,0.3685974150877976,1.1538271409946261,0.932231721262116,0.7492058522524633,0.9243215890418831,0.9521318885257903,0.3389204188062884,0.17224175837424138,0.16412628269984836,0.20497235924237348,0.28937881094374807,0.35797940193255856,0.19346559534297425,0.233374714607926,0.10238656437889025,0.20808636655272444,0.2599617959041883,0.35277886917803336,0.5297628905768925,0.24003317073909566,0.08976263836584576,0.24253441580287433,0.1532542799409126,0.19814421496710877,0.13867260986006796
Exp2_Pn-multiseries_B_DOM_I,0.12651589155669282,0.20943069116858556,0.4146482438327088,0.4865357949018354,0.15899077470321488,0.6416497759488018,0.3989875218142928,0.662181103293468,0.6765806453874783,0.10148133897829607,0.16740359172965222,0.20402705381223857,0.5523837758980288,0.355459011672392,0.20352910997361723,0.2724958641527267,0.280759400094837,0.583008576172141,0.33848556277382275,0.15751114368398955,0.0908092869869998,0.38453869049034956,0.45362088015107654,0.23073970396673835,0.4367775168086485,0.13784639421706715,0.2678922237968529,0.19436027225045685,0.17581028529749043,0.23888083318789047,0.16879952761451034,0.2885702377854904,0.3676877114406558,0.4116962717160293,0.42708663935073743,0.15012402171014488,0.37081505022226957,1.1624291733995271,0.9538287527494439,0.7790164111794249,0.9468747392503238,0.9653078946985552,0.35777171915794403,0.1661980976900583,0.18163928208149746,0.1995033247461771,0.30469265401539736,0.36473606739548875,0.21800095912594697,0.2571290496146112,0.13442133458351402,0.20051693389989733,0.26698876793304455,0.36611591314241815,0.5518681427962862,0.22323874385892442,0.09646316340078417,0.23773360948592936,0.19780305610418203,0.20001073679725903,0.16619809769005828
Exp2_Pn-multiseries_B_DOM_II,0.1427603009477435,0.22759010489513518,0.4048629254629245,0.4759594158445114,0.15770920292875915,0.6467808232857836,0.38602301920393123,0.6492365895837325,0.6623414435406181,0.1001674211615598,0.18645276489829304,0.21029465452671287,0.5587455170465757,0.36369748231800536,0.21470430826713918,0.27352704888397755,0.28440229543652346,0.5775217239152591,0.3351491719358284,0.1659045868797056,0.10375862293803598,0.38367163605734694,0.4432543264670828,0.2439995924380872,0.4455962967458929,0.13319545975354102,0.28214391156078555,0.19186756148569087,0.1958748558973216,0.23824962189660165,0.1645972854893728,0.2940466333949022,0.3699429764220545,0.3984626335587256,0.41719053573474546,0.1704947143411292,0.3753051508994727,1.1641786581794586,0.9555094785837248,0.7853375573366937,0.9483908520694895,0.9608558688857672,0.35495215812056047,0.16176165654681957,0.20151250420255218,0.19777097920566591,0.29849601782077523,0.3698530747628779,0.2119215324563881,0.26212763528794003,0.1246387683936852,0.19745615709777153,0.2688303117810696,0.3614129354025937,0.5444190921853715,0.2357267340493966,0.10637359598150459,0.23930453870880014,0.19186756148569084,0.21601072202584637,0.16757096735437574
Exp2_Pn-multiseries_B_Unfil_I,0.12024892926961879,0.1926753505670156,0.3954174246414678,0.45834184341704065,0.15036255857389216,0.6236485706292323,0.37450911870616693,0.624162974163461,0.6384121667978251,0.1021900396755886,0.13290878580025153,0.18896439901113496,0.5423632895250589,0.3741507851785235,0.20259896599648813,0.26568486108021594,0.2753149407446679,0.5556050894349798,0.33480399315953713,0.14448730304714072,0.06691954542547777,0.3563605498863662,0.42714905921230695,0.2056706217915083,0.43772564610071546,0.1439156104846099,0.2799416702438491,0.19695607184377725,0.1728875877198797,0.23213760690464502,0.16097867037882607,0.2959171944057568,0.34553137029769787,0.3818540651650495,0.41593413031063753,0.16200326928742714,0.35336616208648897,1.1716190794655863,0.9146373428310655,0.7903575943118373,0.9080891271764276,0.9352748325967981,0.3256597577940654,0.17240719159604043,0.1680243037528998,0.20587386095567237,0.29357735202634855,0.3441258264886972,0.21168778478327382,0.2396509516145906,0.10954056728839474,0.21129165836391878,0.26568486108021583,0.34959336775818034,0.526691250952676,0.24419499096468084,0.09340519241240128,0.24574990587765497,0.18132593345401207,0.2001096020776295,0.156023179131529
Exp2_Pn-multiseries_B_Unfil_II,0.14788335602694044,0.18015230545600688,0.4680737632472114,0.502209283691111,0.14606681437384622,0.6615025973475359,0.3919552786623229,0.6620454206742916,0.6801489409631429,0.11781293580703878,0.12911772427660737,0.216907923150602,0.6115199080290012,0.41151684606748806,0.2518636847182633,0.24663470820990627,0.2545762804131692,0.6025329121322294,0.36354994355518333,0.15145298420370576,0.07169644866323849,0.4010051803804124,0.47667961158977007,0.2784030252928326,0.4797390961623164,0.15835828308402367,0.29913093522674467,0.22216980708432135,0.1740830106364804,0.22063437283599402,0.17827691159177786,0.30629817301208095,0.35434853461753474,0.4050170846175342,0.4543720251777049,0.1518934666603186,0.3670989288175192,1.2042869498328959,0.9814348418506507,0.8121214105123749,0.9685452401354924,0.9811501090556026,0.3810258307242814,0.17865349728660435,0.14788335602694047,0.20991543137042695,0.3074404947287941,0.35333650772626846,0.19209108909177722,0.24857289307171895,0.1189349413696967,0.2524083331822938,0.3028486822739181,0.37930749836750466,0.5720050920062071,0.2591282098661537,0.10469499652579331,0.2577970031230451,0.20102192525487525,0.22155682572168095,0.14422805773971573
Exp2_Pn-subpacifica_A_DOM_I,0.1292810781791943,0.20467552105626868,0.3666015876730245,0.45076306056749116,0.13966318933300387,0.6476627720371231,0.4150793643453923,0.6226062111212431,0.6283455936106801,0.09298159109019824,0.19126379137117444,0.19905789636519874,0.5345990017915662,0.36287640117662084,0.18734559022762837,0.24848154732323732,0.25967906732294255,0.5407918401583753,0.3277939591708546,0.15097464366604843,0.08272352557178629,0.34527441220045385,0.410575429211155,0.22216769606813191,0.4421745533073958,0.11288798524841277,0.2818898125917574,0.18978022195791489,0.1992357130817597,0.23314608695513722,0.14506464533021945,0.27484199376346014,0.35448375557001005,0.37810028911537263,0.38853897532223153,0.1802449419179092,0.3482950278641003,1.148199355731279,0.9380336987492204,0.7651167401312395,0.9352161472707831,0.9486269176339227,0.3122031534075026,0.12149959971275877,0.1864011314020917,0.18180265000850512,0.2757646900165326,0.3412486586379859,0.21779566676905954,0.24410654692985043,0.12737934286268313,0.19852354166756608,0.26271987626315424,0.35901485483226997,0.5184869910493021,0.23649859817007574,0.10085820096419447,0.20998220947931787,0.18866026302423838,0.19637235681474477,0.15933145630842735
Exp2_Pn-subpacifica_A_DOM_II,0.13138984410586868,0.2017384096150321,0.3676408712615709,0.4568968065063314,0.1397490324331479,0.6649838287442523,0.42815869222755654,0.632738884722224,0.6406224321382961,0.09556277032685292,0.1729860180984763,0.20287582906247967,0.5416823326746438,0.3664154467242552,0.19438876927092333,0.25825071117767123,0.26994892679992416,0.5448865293863401,0.32926266077656025,0.14506104716724455,0.08735750094428263,0.35899138560245375,0.41365002770661385,0.2332651161172393,0.4390225024208638,0.1005417452670364,0.2705290644971052,0.1830488946055149,0.18346538170516882,0.24541673619123622,0.15219517213850242,0.2768383358032264,0.344219424062889,0.3815574566862109,0.385321657699877,0.16671490825258492,0.35603196275055726,1.1461056264996434,0.9629096683489407,0.7671851807885753,0.9600474414883221,0.9622730965442758,0.3198802141683516,0.12611518679012965,0.18696976124616535,0.18388096809994353,0.27938253009834096,0.3487752437252773,0.22049638417960377,0.24175014175453968,0.12216729939840974,0.20381909756001151,0.26893097346870176,0.36406667886380106,0.5229091273276256,0.23243417021274834,0.0963453003934891,0.21661806980744736,0.19300597590474092,0.2108577796999355,0.16441951448697234
Exp2_Pn-subpacifica_A_Unfil_I,0.151402468034428,0.19861337572033033,0.3550316520758909,0.44888273741718476,0.13774858015138222,0.6549934987038695,0.4200903591695464,0.6125889355773646,0.6202756580489658,0.09505161806100836,0.16228763721597075,0.2031037441517174,0.5292219237012354,0.3515041236449916,0.21051097140066602,0.24810916353978643,0.2588015743394364,0.5332416488150586,0.31481598646157,0.1360547045372828,0.07522980555836817,0.35503165207589077,0.404284382784144,0.24810916353978643,0.42610539531910824,0.09218092730447296,0.26369642551631245,0.18153749587664614,0.18175231397489916,0.23546685168772624,0.14216942839578242,0.2738346255530033,0.28307765501134524,0.37573430190558427,0.37450273859174926,0.16395495266444826,0.3579492861527634,1.1379360930890028,0.94584769042869,0.7559154326352326,0.938464849535608,0.9623514370139631,0.3270566265888084,0.12008466671820442,0.18452320332276764,0.17273553995174215,0.2689576599013957,0.34961072473826843,0.20502707517017388,0.2364743288062871,0.1187941924462575,0.19483013493589546,0.2589558092030539,0.34961072473826826,0.5100042087428877,0.2282994183402161,0.08964805647797197,0.20901170693832163,0.1751983065275583,0.20806950632539467,0.15519628365637972
Exp2_Pn-subpacifica_A_Unfil_II,0.14138958596327367,0.20865267314164576,0.3615279305343508,0.4382413247673565,0.1372641274137562,0.6554288315615445,0.41575625142638545,0.6130704751630739,0.6187106777713384,0.09653857486095252,0.17981319889078862,0.20795161619621377,0.5277653771656301,0.35808455144770923,0.1915400896276924,0.24731770412069742,0.25973227837115,0.5349091046754054,0.32281288026867955,0.15074750329969194,0.08303774017478494,0.3453657813152694,0.4099669711943706,0.23272796726035838,0.43099900767255256,0.11322832504890509,0.2758533546725769,0.19825901915770755,0.18458922863174348,0.2316194135610468,0.1471226751457815,0.27039235998892003,0.3365891972275915,0.36419947777217465,0.38196160241220567,0.16447358909041945,0.34212477612388603,1.1534108914042893,0.9425098764236337,0.7573693013376382,0.9396042434550853,0.9516353938362686,0.3071621419500994,0.11787288084805207,0.19058912991911214,0.18478567070804694,0.2769339444050124,0.3360200264069199,0.21486530899918962,0.24370790345749224,0.10772700273256705,0.19529990712174425,0.26664937424763047,0.3553753425747088,0.510726281143945,0.23050591727092049,0.1063919157453203,0.21229746891704696,0.18340636048188183,0.20970012141092623,0.1554530953765225
Exp2_Pn-subpacifica_B_DOM_I,0.11584725194548413,0.21077108797685573,0.37117255820612843,0.45747130122808627,0.15098224705259228,0.640510093684213,0.408602361071184,0.624003471792052,0.6327940405181807,0.08835825637150156,0.16995168610782616,0.19498819902602588,0.528412498584778,0.36223373222179445,0.1981972962074475,0.25846120349704665,0.26760265622971274,0.5471387928662049,0.3190082734299443,0.13893964986089005,0.0859957044105555,0.36506929988249504,0.4198374204540732,0.24311765687023362,0.4379356405163793,0.10220645539149396,0.27662653869417436,0.20447232595361117,0.18161499925071248,0.24469162338054523,0.1507063866981158,0.2680844082729483,0.3593798763134764,0.3945909433457414,0.388081659814413,0.1657214910284785,0.3614910292778666,1.1562694823818047,0.9483494260347659,0.7575148607387598,0.944547327951238,0.9585951577177884,0.3323927061351469,0.12871166653038285,0.19541896497353436,0.18022570967732124,0.28019378050592225,0.3543717334006237,0.23109066719589702,0.25038503056511074,0.13438478581860905,0.18684915525228582,0.2471216979241839,0.3593798763134764,0.5275649338561903,0.2327396238454824,0.09892410489979683,0.2135583486288374,0.1919471593888614,0.20976720745891764,0.17456287658213734
Exp2_Pn-subpacifica_B_DOM_II,0.13647015897772816,0.20225132893955772,0.3819777901392152,0.4571464290143554,0.14063848963754677,0.6636730034753294,0.42650467294318306,0.6254932873302136,0.6336953899914451,0.08119991208462422,0.15849904752578692,0.19865491275080993,0.5195376279690818,0.34762409814870165,0.18890640905075065,0.24838890145999276,0.2585077557652973,0.5587703537170912,0.31881507154523725,0.13840920223561304,0.06356513777596437,0.3702953148812974,0.43010342019692416,0.23498823168156135,0.4167555182106915,0.10406009219225665,0.2670749302194384,0.1799033336992926,0.17915443293678177,0.236725578636033,0.1527707391133983,0.28285286948627064,0.3179298843599029,0.3933819849795122,0.4002724006275058,0.1651194351544581,0.3480347105282668,1.1437096874441586,0.977076225088983,0.7445633105075337,0.9737701420511149,0.9789693706023297,0.3351106596298982,0.12133103174305614,0.18961851232577062,0.18311471585833156,0.28594719367358384,0.3393248629063114,0.22990103471220075,0.23653312279696634,0.11024711691167167,0.19150513393428642,0.2513179576768955,0.35428114055422416,0.5349708103301902,0.2259155557658031,0.09426525300010687,0.21774117836208048,0.19476490382104117,0.19774614209262,0.1593411107711409
Exp2_Pn-subpacifica_B_Unfil_I,0.1380537049130687,0.20158360228409944,0.3750054668992718,0.46331566793069073,0.14094578458936705,0.6573664337734854,0.43491547213427095,0.6212251400085343,0.6300804480413646,0.08985993620176923,0.17225813547726246,0.182450223322579,0.5373880318134677,0.3463241882579911,0.21934397931760397,0.2508002066829585,0.26198402457629033,0.5484912975642315,0.32219277158902376,0.13870146484553,0.07170459655274403,0.3777238971842355,0.41859171022390484,0.2610982762347194,0.42239134707692616,0.09927407647385761,0.25913996269970074,0.15976918392258366,0.1911787501240074,0.23837003453413133,0.14564168113383621,0.285285303446594,0.2781605634336478,0.38591383330815754,0.39271826879248556,0.17147034049972734,0.36290306776859854,1.1262317484610418,0.9584802567774464,0.7543162017485664,0.9546284513059757,0.9722858570948643,0.34977442879330717,0.12441029224116212,0.18855255972228785,0.18220207553173534,0.2786629109410693,0.35360542104676485,0.20715012312883435,0.2416279408460754,0.11073585642551523,0.20824657897123613,0.2708686690934352,0.3614340152002676,0.5215526349360661,0.22285955560555334,0.08985993620176926,0.21871810491361446,0.18466922026370147,0.2093376262447317,0.14869218004638535
Exp2_Pn-subpacifica_B_Unfil_II,0.1331849148615324,0.2061729454772533,0.3699964972445748,0.4443757696193872,0.14080243308906232,0.6372075836797776,0.4126608607565616,0.6060012956337519,0.614129622174477,0.07674252574473239,0.13886664068809296,0.19321618564102291,0.5134905586704571,0.3391616247549868,0.19603231931831083,0.2473062992682316,0.25849285365022245,0.5420059468929048,0.3198372719203527,0.1519136117848033,0.06884990830941826,0.35631783791684196,0.4172130154071296,0.2366418560866596,0.4100573060964199,0.11814377043290199,0.25632234279248334,0.18367487330768245,0.17430661730517474,0.23377880176507268,0.14486576479937657,0.27368798753868007,0.3115605139849427,0.36806784034249285,0.3938366533651186,0.15569536158950242,0.3468739220839224,1.1441841010470213,0.9469743051513635,0.7458148444907621,0.9444004236272229,0.9528627556024589,0.32149601507241743,0.12906264915162854,0.19015498288008173,0.1815374958766462,0.2846392724339055,0.3379432509640147,0.21930421517534077,0.2347929795760898,0.11450166490947314,0.20464377386577015,0.26263274938044445,0.3465156204872585,0.5176726407721093,0.2196634384305221,0.09050013661568246,0.20825826745811413,0.1870461629345119,0.21218573383588216,0.15644109004287793
